{
  "project_info": {
    "project_number": "149270480372",
    "firebase_url": "https://studyappfirebase-1698b-default-rtdb.firebaseio.com",
    "project_id": "studyappfirebase-1698b",
    "storage_bucket": "studyappfirebase-1698b.appspot.com"
  },
  "client": [
    {
      "client_info": {
        "mobilesdk_app_id": "1:149270480372:android:a6d5b44ee81ce86c3c65a1",
        "android_client_info": {
          "package_name": "com.example.studyApp_wil"
        }
      },
      "oauth_client": [
        {
          "client_id": "149270480372-89gmv8v43j1uov7ks5gfqf7452qgsmmu.apps.googleusercontent.com",
          "client_type": 3
        }
      ],
      "api_key": [
        {
          "current_key": "AIzaSyCXVjKnFQpNf_Zo_cZ7uar-BvwxF8Al1vA"
        }
      ],
      "services": {
        "appinvite_service": {
          "other_platform_oauth_client": [
            {
              "client_id": "149270480372-89gmv8v43j1uov7ks5gfqf7452qgsmmu.apps.googleusercontent.com",
              "client_type": 3
            },
            {
              "client_id": "149270480372-kit7714nb1smi63hv54f5bli78dnmtfc.apps.googleusercontent.com",
              "client_type": 2,
              "ios_info": {
                "bundle_id": "IOSApp"
              }
            }
          ]
        }
      }
    }
  ],
  "configuration_version": "1"
}