{"nm":"Main Scene","ddd":0,"h":837,"w":896,"meta":{"g":"@lottiefiles/creator 1.30.0"},"layers":[{"ty":5,"nm":"* 5","sr":1,"st":0,"op":180,"ip":0,"hd":false,"ddd":0,"bm":0,"hasMask":false,"ao":0,"ks":{"a":{"a":0,"k":[0,0,0]},"s":{"a":0,"k":[100,100,100]},"sk":{"a":0,"k":0},"p":{"a":0,"k":[697.25,340.75,0]},"r":{"a":0,"k":0},"sa":{"a":0,"k":0},"o":{"a":1,"k":[{"o":{"x":0.167,"y":0.167},"i":{"x":0.833,"y":0.833},"s":[0],"t":120},{"o":{"x":0.167,"y":0.167},"i":{"x":0.833,"y":0.833},"s":[100],"t":150},{"s":[0],"t":179}]}},"t":{"m":{"a":{"a":0,"k":[0,0]},"g":1},"p":{"f":{"a":0,"k":0},"l":{"a":0,"k":0},"r":{"a":0,"k":0},"a":{"a":0,"k":0},"p":{"a":0,"k":0}},"a":[],"d":{"k":[{"s":{"f":"Montserrat-SemiBold","s":24,"t":"*","fc":[0.1608,0.1608,0.1608],"lh":28.8,"tr":0,"j":2,"ca":0,"sw":0.00999999977648,"sc":[0,0,0]},"t":0}]}},"ind":1},{"ty":5,"nm":"* 4","sr":1,"st":0,"op":180,"ip":0,"hd":false,"ddd":0,"bm":0,"hasMask":false,"ao":0,"ks":{"a":{"a":0,"k":[0,0,0]},"s":{"a":0,"k":[100,100,100]},"sk":{"a":0,"k":0},"p":{"a":0,"k":[674.75,353.25,0]},"r":{"a":0,"k":0},"sa":{"a":0,"k":0},"o":{"a":1,"k":[{"o":{"x":0.167,"y":0.167},"i":{"x":0.833,"y":0.833},"s":[0],"t":90},{"o":{"x":0.167,"y":0.167},"i":{"x":0.833,"y":0.833},"s":[100],"t":120},{"o":{"x":0.167,"y":0.167},"i":{"x":0.833,"y":0.833},"s":[100],"t":150},{"s":[0],"t":179}]}},"t":{"m":{"a":{"a":0,"k":[0,0]},"g":1},"p":{"f":{"a":0,"k":0},"l":{"a":0,"k":0},"r":{"a":0,"k":0},"a":{"a":0,"k":0},"p":{"a":0,"k":0}},"a":[],"d":{"k":[{"s":{"f":"Montserrat-SemiBold","s":24,"t":"*","fc":[0.1608,0.1608,0.1608],"lh":28.8,"tr":0,"j":2,"ca":0,"sw":0.00999999977648,"sc":[0,0,0]},"t":0}]}},"ind":2},{"ty":5,"nm":"* 3","sr":1,"st":0,"op":180,"ip":0,"hd":false,"ddd":0,"bm":0,"hasMask":false,"ao":0,"ks":{"a":{"a":0,"k":[0,0,0]},"s":{"a":0,"k":[100,100,100]},"sk":{"a":0,"k":0},"p":{"a":0,"k":[652.5,366,0]},"r":{"a":0,"k":0},"sa":{"a":0,"k":0},"o":{"a":1,"k":[{"o":{"x":0.167,"y":0.167},"i":{"x":0.833,"y":0.833},"s":[0],"t":0},{"o":{"x":0.167,"y":0.167},"i":{"x":0.833,"y":0.833},"s":[0],"t":60},{"o":{"x":0.167,"y":0.167},"i":{"x":0.833,"y":0.833},"s":[100],"t":90},{"o":{"x":0.167,"y":0.167},"i":{"x":0.833,"y":0.833},"s":[100],"t":150},{"s":[0],"t":179}]}},"t":{"m":{"a":{"a":0,"k":[0,0]},"g":1},"p":{"f":{"a":0,"k":0},"l":{"a":0,"k":0},"r":{"a":0,"k":0},"a":{"a":0,"k":0},"p":{"a":0,"k":0}},"a":[],"d":{"k":[{"s":{"f":"Montserrat-SemiBold","s":24,"t":"*","fc":[0.1608,0.1608,0.1608],"lh":28.8,"tr":0,"j":2,"ca":0,"sw":0.00999999977648,"sc":[0,0,0]},"t":0}]}},"ind":3},{"ty":5,"nm":"* 2","sr":1,"st":0,"op":180,"ip":0,"hd":false,"ddd":0,"bm":0,"hasMask":false,"ao":0,"ks":{"a":{"a":0,"k":[0,0,0]},"s":{"a":0,"k":[100,100,100]},"sk":{"a":0,"k":0},"p":{"a":0,"k":[632.5,377,0]},"r":{"a":0,"k":0},"sa":{"a":0,"k":0},"o":{"a":1,"k":[{"o":{"x":0.167,"y":0.167},"i":{"x":0.833,"y":0.833},"s":[0],"t":0},{"o":{"x":0.167,"y":0.167},"i":{"x":0.833,"y":0.833},"s":[0],"t":30},{"o":{"x":0.167,"y":0.167},"i":{"x":0.833,"y":0.833},"s":[100],"t":60},{"o":{"x":0.167,"y":0.167},"i":{"x":0.833,"y":0.833},"s":[100],"t":150},{"s":[0],"t":179}]}},"t":{"m":{"a":{"a":0,"k":[0,0]},"g":1},"p":{"f":{"a":0,"k":0},"l":{"a":0,"k":0},"r":{"a":0,"k":0},"a":{"a":0,"k":0},"p":{"a":0,"k":0}},"a":[],"d":{"k":[{"s":{"f":"Montserrat-SemiBold","s":24,"t":"*","fc":[0.1608,0.1608,0.1608],"lh":28.8,"tr":0,"j":2,"ca":0,"sw":0.00999999977648,"sc":[0,0,0]},"t":0}]}},"ind":4},{"ty":5,"nm":"*","sr":1,"st":0,"op":180,"ip":0,"hd":false,"ddd":0,"bm":0,"hasMask":false,"ao":0,"ks":{"a":{"a":0,"k":[0,0,0]},"s":{"a":0,"k":[100,100,100]},"sk":{"a":0,"k":0},"p":{"a":0,"k":[613.5,388,0]},"r":{"a":0,"k":0},"sa":{"a":0,"k":0},"o":{"a":1,"k":[{"o":{"x":0.167,"y":0.167},"i":{"x":0.833,"y":0.833},"s":[0],"t":0},{"o":{"x":0.167,"y":0.167},"i":{"x":0.833,"y":0.833},"s":[100],"t":30},{"o":{"x":0.167,"y":0.167},"i":{"x":0.833,"y":0.833},"s":[100],"t":150},{"s":[0],"t":179}]}},"t":{"m":{"a":{"a":0,"k":[0,0]},"g":1},"p":{"f":{"a":0,"k":0},"l":{"a":0,"k":0},"r":{"a":0,"k":0},"a":{"a":0,"k":0},"p":{"a":0,"k":0}},"a":[],"d":{"k":[{"s":{"f":"Montserrat-SemiBold","s":24,"t":"*","fc":[0.1608,0.1608,0.1608],"lh":28.8,"tr":0,"j":2,"ca":0,"sw":0.00999999977648,"sc":[0,0,0]},"t":0}]}},"ind":5},{"ty":4,"nm":"Path 515","sr":1,"st":0,"op":180,"ip":0,"hd":false,"ddd":0,"bm":0,"hasMask":false,"ao":0,"ks":{"a":{"a":0,"k":[23.13,22.655,0]},"s":{"a":0,"k":[100,100,100]},"sk":{"a":0,"k":0},"p":{"a":0,"k":[438.202,317.188,0]},"r":{"a":0,"k":0},"sa":{"a":0,"k":0},"o":{"a":0,"k":100}},"shapes":[{"ty":"gr","bm":0,"hd":false,"mn":"ADBE Vector Group","nm":"Path 515","ix":1,"cix":2,"np":2,"it":[{"ty":"sh","bm":0,"hd":false,"mn":"ADBE Vector Shape - Group","nm":"Path 1","ix":1,"d":1,"ks":{"a":0,"k":{"c":true,"i":[[0,0],[10.905,-2.582],[-1.763,-3.523],[-7.049,1.008],[-2.133,3.153],[2.265,3.02],[0,0]],"o":[[-1.862,5.585],[-10.905,2.584],[1.761,3.525],[7.049,-1.006],[2.135,-3.153],[-2.267,-3.021],[0,0]],"v":[[34.889,9.754],[15.486,21.647],[0.303,39.335],[26.734,45.125],[43.006,30.776],[45.362,2.583],[38.336,0.026]]}}},{"ty":"fl","bm":0,"hd":false,"mn":"ADBE Vector Graphic - Fill","nm":"Fill 1","c":{"a":0,"k":[0.949,0.5608,0.5608]},"r":1,"o":{"a":0,"k":100}},{"ty":"tr","a":{"a":0,"k":[0,0]},"s":{"a":0,"k":[100,100]},"sk":{"a":0,"k":0},"p":{"a":0,"k":[0,0]},"r":{"a":0,"k":0},"sa":{"a":0,"k":0},"o":{"a":0,"k":100}}]}],"ind":6},{"ty":4,"nm":"Path 514","sr":1,"st":0,"op":180,"ip":0,"hd":false,"ddd":0,"bm":0,"hasMask":false,"ao":0,"ks":{"a":{"a":0,"k":[12.374,31.741,0]},"s":{"a":0,"k":[100,100,100]},"sk":{"a":0,"k":0},"p":{"a":0,"k":[413.113,317.606,0]},"r":{"a":0,"k":0},"sa":{"a":0,"k":0},"o":{"a":0,"k":100}},"shapes":[{"ty":"gr","bm":0,"hd":false,"mn":"ADBE Vector Group","nm":"Path 514","ix":1,"cix":2,"np":2,"it":[{"ty":"sh","bm":0,"hd":false,"mn":"ADBE Vector Shape - Group","nm":"Path 1","ix":1,"d":1,"ks":{"a":0,"k":{"c":true,"i":[[0,0],[0.506,-1.447],[0,0],[-0.553,-0.555],[0,0],[0,0],[-0.435,1.278],[0,0],[-1.28,1.084]],"o":[[-1.377,1.086],[0,0],[-0.411,1.23],[0,0],[0,0],[-0.628,-0.555],[0,0],[0.458,-1.35],[0,0]],"v":[[24.749,1.905],[21.686,5.933],[2.678,60.733],[2.943,63.483],[0.579,61.458],[0.604,61.433],[0.242,58.636],[19.248,3.811],[22.072,0]]}}},{"ty":"fl","bm":0,"hd":false,"mn":"ADBE Vector Graphic - Fill","nm":"Fill 1","c":{"a":0,"k":[0.2157,0.2784,0.3098]},"r":1,"o":{"a":0,"k":100}},{"ty":"tr","a":{"a":0,"k":[0,0]},"s":{"a":0,"k":[100,100]},"sk":{"a":0,"k":0},"p":{"a":0,"k":[0,0]},"r":{"a":0,"k":0},"sa":{"a":0,"k":0},"o":{"a":0,"k":100}}]}],"ind":7},{"ty":4,"nm":"Path 513","sr":1,"st":0,"op":180,"ip":0,"hd":false,"ddd":0,"bm":0,"hasMask":false,"ao":0,"ks":{"a":{"a":0,"k":[27.381,35.503,0]},"s":{"a":0,"k":[100,100,100]},"sk":{"a":0,"k":0},"p":{"a":0,"k":[430.559,314.405,0]},"r":{"a":0,"k":0},"sa":{"a":0,"k":0},"o":{"a":0,"k":100}},"shapes":[{"ty":"gr","bm":0,"hd":false,"mn":"ADBE Vector Group","nm":"Path 513","ix":1,"cix":2,"np":2,"it":[{"ty":"sh","bm":0,"hd":false,"mn":"ADBE Vector Shape - Group","nm":"Path 1","ix":1,"d":1,"ks":{"a":0,"k":{"c":true,"i":[[-0.831,2.396],[0,0],[-2.447,0.666],[0,0],[0.829,-2.396],[3.731,-10.774],[2.447,-0.666],[0,0]],"o":[[0,0],[0.829,-2.396],[0,0],[2.447,-0.666],[-3.731,10.774],[-0.831,2.396],[0,0],[-2.447,0.666]],"v":[[0.25,67.708],[19.249,12.89],[25.182,7.345],[51.584,0.165],[54.512,3.299],[35.513,58.117],[29.578,63.662],[3.176,70.842]]}}},{"ty":"fl","bm":0,"hd":false,"mn":"ADBE Vector Graphic - Fill","nm":"Fill 1","c":{"a":0,"k":[0.2588,0.6471,0.9608]},"r":1,"o":{"a":0,"k":100}},{"ty":"tr","a":{"a":0,"k":[0,0]},"s":{"a":0,"k":[100,100]},"sk":{"a":0,"k":0},"p":{"a":0,"k":[0,0]},"r":{"a":0,"k":0},"sa":{"a":0,"k":0},"o":{"a":0,"k":100}}]}],"ind":8},{"ty":4,"nm":"Path 512","sr":1,"st":0,"op":180,"ip":0,"hd":false,"ddd":0,"bm":0,"hasMask":false,"ao":0,"ks":{"a":{"a":0,"k":[28.598,36.551,0]},"s":{"a":0,"k":[100,100,100]},"sk":{"a":0,"k":0},"p":{"a":0,"k":[429.336,313.352,0]},"r":{"a":0,"k":0},"sa":{"a":0,"k":0},"o":{"a":0,"k":100}},"shapes":[{"ty":"gr","bm":0,"hd":false,"mn":"ADBE Vector Group","nm":"Path 512","ix":1,"cix":2,"np":2,"it":[{"ty":"sh","bm":0,"hd":false,"mn":"ADBE Vector Shape - Group","nm":"Path 1","ix":1,"d":1,"ks":{"a":0,"k":{"c":true,"i":[[0.713,0.527],[0,0],[0,0],[0,0],[1.101,-0.3],[0,0],[0.829,-2.398],[0,0],[-0.614,-0.551],[0,0],[0,0],[0,0],[-1.118,0.304],[0,0],[-0.829,2.396],[-3.731,10.772]],"o":[[0,0],[0,0],[0,0],[-0.55,-0.441],[0,0],[-2.447,0.665],[0,0],[-0.439,1.272],[0,0],[0,0],[0,0],[0.548,0.456],[0,0],[2.447,-0.666],[3.733,-10.774],[0.468,-1.352]],"v":[[56.475,2.505],[56.524,2.508],[54.087,0.407],[54.087,0.44],[51.581,0.16],[25.178,7.34],[19.246,12.885],[0.244,67.701],[0.594,70.502],[0.573,70.509],[3.087,72.675],[3.087,72.643],[5.616,72.941],[32.018,65.761],[37.951,60.217],[56.952,5.399]]}}},{"ty":"fl","bm":0,"hd":false,"mn":"ADBE Vector Graphic - Fill","nm":"Fill 1","c":{"a":0,"k":[0.2706,0.3529,0.3922]},"r":1,"o":{"a":0,"k":100}},{"ty":"tr","a":{"a":0,"k":[0,0]},"s":{"a":0,"k":[100,100]},"sk":{"a":0,"k":0},"p":{"a":0,"k":[0,0]},"r":{"a":0,"k":0},"sa":{"a":0,"k":0},"o":{"a":0,"k":100}}]}],"ind":9},{"ty":4,"nm":"Path 518","sr":1,"st":0,"op":180,"ip":0,"hd":false,"ddd":0,"bm":0,"hasMask":false,"ao":0,"ks":{"a":{"a":0,"k":[97.976,76.565,0]},"s":{"a":0,"k":[100,100,100]},"sk":{"a":0,"k":0},"p":{"a":0,"k":[314.003,210.396,0]},"r":{"a":1,"k":[{"o":{"x":0.167,"y":0.167},"i":{"x":0.833,"y":0.833},"s":[0],"t":0},{"o":{"x":0.167,"y":0.167},"i":{"x":0.833,"y":0.833},"s":[2],"t":90},{"s":[0],"t":179}]},"sa":{"a":0,"k":0},"o":{"a":0,"k":100}},"shapes":[{"ty":"gr","bm":0,"hd":false,"mn":"ADBE Vector Group","nm":"Path 518","ix":1,"cix":2,"np":3,"it":[{"ty":"sh","bm":0,"hd":false,"mn":"ADBE Vector Shape - Group","nm":"Path 1","ix":1,"d":1,"ks":{"a":0,"k":{"c":true,"i":[[6.305,-3.245],[-2.284,-4.734],[0,0],[0,0],[0,0],[-2.748,-3.906],[0,0],[-5.665,10.788],[0.157,1.645],[5.454,4.681],[0,0],[11.95,0.298]],"o":[[-6.305,3.245],[2.284,4.734],[0,0],[0,0],[0,0],[2.748,3.906],[0,0],[5.665,-10.788],[-0.157,-1.645],[-5.454,-4.681],[0,0],[-11.95,-0.298]],"v":[[5.972,3.017],[1.172,13.505],[8.984,24.495],[42.882,54.023],[79.295,83.418],[86.313,90.171],[90.673,98.61],[105.318,91.257],[108.218,69.927],[97.436,44.092],[47.649,6.752],[24.079,0.131]]}}},{"ty":"fl","bm":0,"hd":false,"mn":"ADBE Vector Graphic - Fill","nm":"Fill 1","c":{"a":0,"k":[1,0.6588,0.6549]},"r":1,"o":{"a":0,"k":100}},{"ty":"tr","a":{"a":0,"k":[0,0]},"s":{"a":0,"k":[100,100]},"sk":{"a":0,"k":0},"p":{"a":0,"k":[0,0]},"r":{"a":0,"k":0},"sa":{"a":0,"k":0},"o":{"a":0,"k":100}}]}],"ind":10},{"ty":4,"nm":"Path 517","sr":1,"st":0,"op":180,"ip":0,"hd":false,"ddd":0,"bm":0,"hasMask":false,"ao":0,"ks":{"a":{"a":0,"k":[25.998,93.678,0]},"s":{"a":0,"k":[100,100,100]},"sk":{"a":0,"k":0},"p":{"a":1,"k":[{"o":{"x":0.167,"y":0.167},"i":{"x":0.833,"y":0.833},"s":[241.246,140.8,0],"t":0},{"o":{"x":0.167,"y":0.167},"i":{"x":0.833,"y":0.833},"s":[241.246,131.764,0],"t":90},{"s":[241.246,140.764,0],"t":179}]},"r":{"a":1,"k":[{"o":{"x":0.167,"y":0.167},"i":{"x":0.833,"y":0.833},"s":[0],"t":0},{"o":{"x":0.167,"y":0.167},"i":{"x":0.833,"y":0.833},"s":[10],"t":90},{"s":[0],"t":179}]},"sa":{"a":0,"k":0},"o":{"a":0,"k":100}},"shapes":[{"ty":"gr","bm":0,"hd":false,"mn":"ADBE Vector Group","nm":"Path 517","ix":1,"cix":2,"np":3,"it":[{"ty":"sh","bm":0,"hd":false,"mn":"ADBE Vector Shape - Group","nm":"Path 1","ix":1,"d":1,"ks":{"a":0,"k":{"c":true,"i":[[0.839,2.853],[5.427,0.951],[0,0],[9.007,-3.692],[0,0],[0,0],[0,0],[0,0],[0.895,-4.923],[0,0],[-7.441,-1.398],[-9.671,10.742],[0,0],[-2.35,1.678],[-3.021,2.294],[0,0],[-8.839,7.329],[0,0]],"o":[[-0.839,-2.853],[-5.427,-0.951],[0,0],[-9.007,3.692],[0,0],[0,0],[0,0],[0,0],[-0.895,4.923],[0,0],[7.441,1.398],[0,0],[0,0],[2.35,-1.678],[3.021,-2.294],[0,0],[8.839,-7.329],[0,0]],"v":[[131.88,4.227],[123.415,0.423],[110.173,0.423],[84.788,8.12],[74.145,15.192],[70.117,22.8],[61.614,32.199],[6.908,83.179],[0.075,94.409],[6.565,107.389],[21.011,117.262],[48.859,93.514],[78.397,53.905],[81.306,50.325],[87.373,46.668],[93.39,41.15],[104.803,28.171],[128.747,11.835]]}}},{"ty":"fl","bm":0,"hd":false,"mn":"ADBE Vector Graphic - Fill","nm":"Fill 1","c":{"a":0,"k":[1,0.6588,0.6549]},"r":1,"o":{"a":0,"k":100}},{"ty":"tr","a":{"a":0,"k":[0,0]},"s":{"a":0,"k":[100,100]},"sk":{"a":0,"k":0},"p":{"a":0,"k":[0,0]},"r":{"a":0,"k":0},"sa":{"a":0,"k":0},"o":{"a":0,"k":100}}]}],"ind":11},{"ty":4,"nm":"Path 516","sr":1,"st":0,"op":180,"ip":0,"hd":false,"ddd":0,"bm":0,"hasMask":false,"ao":0,"ks":{"a":{"a":0,"k":[0,0,0]},"s":{"a":0,"k":[100,100,100]},"sk":{"a":0,"k":0},"p":{"a":0,"k":[215.532,140.78,0]},"r":{"a":0,"k":0},"sa":{"a":0,"k":0},"o":{"a":0,"k":100}},"shapes":[{"ty":"gr","bm":0,"hd":false,"mn":"ADBE Vector Group","nm":"Path 516","ix":1,"cix":2,"np":3,"it":[{"ty":"sh","bm":0,"hd":false,"mn":"ADBE Vector Shape - Group","nm":"Path 1","ix":1,"d":1,"ks":{"a":0,"k":{"c":false,"i":[[0,0]],"o":[[0,0]],"v":[[0,0]]}}},{"ty":"st","bm":0,"hd":false,"mn":"ADBE Vector Graphic - Stroke","nm":"Stroke 1","lc":1,"lj":1,"ml":4,"o":{"a":0,"k":100},"w":{"a":0,"k":1},"c":{"a":0,"k":[0.4392,0.4392,0.4392]}},{"ty":"tr","a":{"a":0,"k":[0,0]},"s":{"a":0,"k":[100,100]},"sk":{"a":0,"k":0},"p":{"a":0,"k":[0,0]},"r":{"a":0,"k":0},"sa":{"a":0,"k":0},"o":{"a":0,"k":100}}]}],"ind":12},{"ty":4,"nm":"Path 509","sr":1,"st":0,"op":180,"ip":0,"hd":false,"ddd":0,"bm":0,"hasMask":false,"ao":0,"ks":{"a":{"a":0,"k":[13.19,2.15,0]},"s":{"a":0,"k":[100,100,100]},"sk":{"a":0,"k":0},"p":{"a":0,"k":[340.931,115.978,0]},"r":{"a":0,"k":0},"sa":{"a":0,"k":0},"o":{"a":0,"k":100}},"shapes":[{"ty":"gr","bm":0,"hd":false,"mn":"ADBE Vector Group","nm":"Path 509","ix":1,"cix":2,"np":2,"it":[{"ty":"sh","bm":0,"hd":false,"mn":"ADBE Vector Shape - Group","nm":"Path 1","ix":1,"d":1,"ks":{"a":0,"k":{"c":true,"i":[[0.489,0],[0.038,0.004],[0,0],[2.143,0.89],[0,0],[0.061,-0.534]],"o":[[-0.036,0],[0,0],[-0.39,-0.361],[0,0],[0.534,0.059],[-0.055,0.498]],"v":[[25.408,4.299],[25.297,4.294],[3.561,2.312],[0,0],[25.514,2.354],[26.374,3.432]]}}},{"ty":"fl","bm":0,"hd":false,"mn":"ADBE Vector Graphic - Fill","nm":"Fill 1","c":{"a":0,"k":[0.2706,0.3529,0.3922]},"r":1,"o":{"a":0,"k":100}},{"ty":"tr","a":{"a":0,"k":[0,0]},"s":{"a":0,"k":[100,100]},"sk":{"a":0,"k":0},"p":{"a":0,"k":[0,0]},"r":{"a":0,"k":0},"sa":{"a":0,"k":0},"o":{"a":0,"k":100}}]}],"ind":13},{"ty":4,"nm":"Path 508","sr":1,"st":0,"op":180,"ip":0,"hd":false,"ddd":0,"bm":0,"hasMask":false,"ao":0,"ks":{"a":{"a":0,"k":[5.28,1.794,0]},"s":{"a":0,"k":[100,100,100]},"sk":{"a":0,"k":0},"p":{"a":0,"k":[380.205,117.156,0]},"r":{"a":0,"k":0},"sa":{"a":0,"k":0},"o":{"a":0,"k":100}},"shapes":[{"ty":"gr","bm":0,"hd":false,"mn":"ADBE Vector Group","nm":"Path 508","ix":1,"cix":2,"np":2,"it":[{"ty":"sh","bm":0,"hd":false,"mn":"ADBE Vector Shape - Group","nm":"Path 1","ix":1,"d":1,"ks":{"a":0,"k":{"c":true,"i":[[0.538,0],[0,0.538],[-2.808,0],[0,-1.584],[0.538,0],[0,0.538],[1.687,0],[0.091,-0.196]],"o":[[-0.538,0],[0,-1.584],[2.809,0],[0,0.538],[-0.54,0],[-0.087,-0.179],[-1.687,0],[0,0.538]],"v":[[0.974,3.588],[0,2.605],[5.938,0],[10.561,2.605],[9.587,3.579],[8.612,2.605],[5.938,1.949],[1.947,2.622]]}}},{"ty":"fl","bm":0,"hd":false,"mn":"ADBE Vector Graphic - Fill","nm":"Fill 1","c":{"a":0,"k":[0.2706,0.3529,0.3922]},"r":1,"o":{"a":0,"k":100}},{"ty":"tr","a":{"a":0,"k":[0,0]},"s":{"a":0,"k":[100,100]},"sk":{"a":0,"k":0},"p":{"a":0,"k":[0,0]},"r":{"a":0,"k":0},"sa":{"a":0,"k":0},"o":{"a":0,"k":100}}]}],"ind":14},{"ty":4,"nm":"Path 507","sr":1,"st":0,"op":180,"ip":0,"hd":false,"ddd":0,"bm":0,"hasMask":false,"ao":0,"ks":{"a":{"a":0,"k":[4.596,3.206,0]},"s":{"a":0,"k":[100,100,100]},"sk":{"a":0,"k":0},"p":{"a":1,"k":[{"o":{"x":0.167,"y":0.167},"i":{"x":0.833,"y":0.833},"s":[395.904,105.034,0],"t":0},{"o":{"x":0.167,"y":0.167},"i":{"x":0.833,"y":0.833},"s":[395.904,100,0],"t":90},{"s":[395.904,105,0],"t":179}]},"r":{"a":0,"k":0},"sa":{"a":0,"k":0},"o":{"a":0,"k":100}},"shapes":[{"ty":"gr","bm":0,"hd":false,"mn":"ADBE Vector Group","nm":"Path 507","ix":1,"cix":2,"np":2,"it":[{"ty":"sh","bm":0,"hd":false,"mn":"ADBE Vector Shape - Group","nm":"Path 1","ix":1,"d":1,"ks":{"a":0,"k":{"c":true,"i":[[0.778,-2.531],[0,0],[-2.48,-0.865]],"o":[[0,0],[0.78,-2.529],[2.478,0.865]],"v":[[8.975,6.411],[0,3.276],[5.898,0.262]]}}},{"ty":"fl","bm":0,"hd":false,"mn":"ADBE Vector Graphic - Fill","nm":"Fill 1","c":{"a":0,"k":[0.149,0.1961,0.2196]},"r":1,"o":{"a":0,"k":100}},{"ty":"tr","a":{"a":0,"k":[0,0]},"s":{"a":0,"k":[100,100]},"sk":{"a":0,"k":0},"p":{"a":0,"k":[0,0]},"r":{"a":0,"k":0},"sa":{"a":0,"k":0},"o":{"a":0,"k":100}}]}],"ind":15},{"ty":4,"nm":"Path 506","sr":1,"st":0,"op":180,"ip":0,"hd":false,"ddd":0,"bm":0,"hasMask":false,"ao":0,"ks":{"a":{"a":0,"k":[4.354,3.659,0]},"s":{"a":0,"k":[100,100,100]},"sk":{"a":0,"k":0},"p":{"a":1,"k":[{"o":{"x":0.167,"y":0.167},"i":{"x":0.833,"y":0.833},"s":[363.117,104.016,0],"t":0},{"o":{"x":0.167,"y":0.167},"i":{"x":0.833,"y":0.833},"s":[363.117,102,0],"t":90},{"s":[363.117,104,0],"t":179}]},"r":{"a":0,"k":0},"sa":{"a":0,"k":0},"o":{"a":0,"k":100}},"shapes":[{"ty":"gr","bm":0,"hd":false,"mn":"ADBE Vector Group","nm":"Path 506","ix":1,"cix":2,"np":2,"it":[{"ty":"sh","bm":0,"hd":false,"mn":"ADBE Vector Shape - Group","nm":"Path 1","ix":1,"d":1,"ks":{"a":0,"k":{"c":true,"i":[[-1.318,-2.318],[0,0],[-2.225,1.356]],"o":[[0,0],[-1.32,-2.318],[2.223,-1.356]],"v":[[8.709,2.408],[0.656,7.317],[2.295,0.666]]}}},{"ty":"fl","bm":0,"hd":false,"mn":"ADBE Vector Graphic - Fill","nm":"Fill 1","c":{"a":0,"k":[0.149,0.1961,0.2196]},"r":1,"o":{"a":0,"k":100}},{"ty":"tr","a":{"a":0,"k":[0,0]},"s":{"a":0,"k":[100,100]},"sk":{"a":0,"k":0},"p":{"a":0,"k":[0,0]},"r":{"a":0,"k":0},"sa":{"a":0,"k":0},"o":{"a":0,"k":100}}]}],"ind":16},{"ty":4,"nm":"Path 505","sr":1,"st":0,"op":180,"ip":0,"hd":false,"ddd":0,"bm":0,"hasMask":false,"ao":0,"ks":{"a":{"a":0,"k":[14.911,9.525,0]},"s":{"a":0,"k":[100,100,100]},"sk":{"a":0,"k":0},"p":{"a":0,"k":[352.141,156.247,0]},"r":{"a":0,"k":0},"sa":{"a":0,"k":0},"o":{"a":0,"k":100}},"shapes":[{"ty":"gr","bm":0,"hd":false,"mn":"ADBE Vector Group","nm":"Path 505","ix":1,"cix":2,"np":2,"it":[{"ty":"sh","bm":0,"hd":false,"mn":"ADBE Vector Shape - Group","nm":"Path 1","ix":1,"d":1,"ks":{"a":0,"k":{"c":true,"i":[[0,0],[2.831,7.18],[-5.427,-4.651],[0,0]],"o":[[-8.829,-1.158],[0,0],[5.425,4.649],[0,0]],"v":[[29.823,13.556],[0,0],[6.37,9.163],[29.823,19.051]]}}},{"ty":"fl","bm":0,"hd":false,"mn":"ADBE Vector Graphic - Fill","nm":"Fill 1","c":{"a":0,"k":[0.949,0.5608,0.5608]},"r":1,"o":{"a":0,"k":100}},{"ty":"tr","a":{"a":0,"k":[0,0]},"s":{"a":0,"k":[100,100]},"sk":{"a":0,"k":0},"p":{"a":0,"k":[0,0]},"r":{"a":0,"k":0},"sa":{"a":0,"k":0},"o":{"a":0,"k":100}}]}],"ind":17},{"ty":4,"nm":"Path 504","sr":1,"st":0,"op":180,"ip":0,"hd":false,"ddd":0,"bm":0,"hasMask":false,"ao":0,"ks":{"a":{"a":0,"k":[6.382,11.547,0]},"s":{"a":0,"k":[100,100,100]},"sk":{"a":0,"k":0},"p":{"a":0,"k":[385.178,125.528,0]},"r":{"a":0,"k":0},"sa":{"a":0,"k":0},"o":{"a":0,"k":100}},"shapes":[{"ty":"gr","bm":0,"hd":false,"mn":"ADBE Vector Group","nm":"Path 504","ix":1,"cix":2,"np":2,"it":[{"ty":"sh","bm":0,"hd":false,"mn":"ADBE Vector Shape - Group","nm":"Path 1","ix":1,"d":1,"ks":{"a":0,"k":{"c":true,"i":[[0,0],[0,0],[0,0]],"o":[[0,0],[0,0],[0,0]],"v":[[0,0],[0.61,23.094],[12.764,19.329]]}}},{"ty":"fl","bm":0,"hd":false,"mn":"ADBE Vector Graphic - Fill","nm":"Fill 1","c":{"a":0,"k":[0.949,0.5608,0.5608]},"r":1,"o":{"a":0,"k":100}},{"ty":"tr","a":{"a":0,"k":[0,0]},"s":{"a":0,"k":[100,100]},"sk":{"a":0,"k":0},"p":{"a":0,"k":[0,0]},"r":{"a":0,"k":0},"sa":{"a":0,"k":0},"o":{"a":0,"k":100}}]}],"ind":18},{"ty":4,"nm":"Path 503","sr":1,"st":0,"op":180,"ip":0,"hd":false,"ddd":0,"bm":0,"hasMask":false,"ao":0,"ks":{"a":{"a":0,"k":[12.367,10.387,0]},"s":{"a":0,"k":[100,100,100]},"sk":{"a":0,"k":0},"p":{"a":0,"k":[395.904,119.946,0]},"r":{"a":0,"k":0},"sa":{"a":0,"k":0},"o":{"a":0,"k":100}},"shapes":[{"ty":"gr","bm":0,"hd":false,"mn":"ADBE Vector Group","nm":"Path 503","ix":1,"cix":2,"np":3,"it":[{"ty":"sh","bm":0,"hd":false,"mn":"ADBE Vector Shape - Group","nm":"Path 1","ix":1,"d":1,"ks":{"a":0,"k":{"c":true,"i":[[6.819,0],[0,6.819],[-3.702,0],[0,-8.408]],"o":[[-6.819,0],[0,-8.408],[3.7,0],[0,6.819]],"v":[[12.367,20.774],[0,8.408],[12.367,0],[24.734,8.408]]}}},{"ty":"sh","bm":0,"hd":false,"mn":"ADBE Vector Shape - Group","nm":"Path 2","ix":2,"d":1,"ks":{"a":0,"k":{"c":true,"i":[[7.496,0],[0,-4.649],[-5.744,0],[0,5.744]],"o":[[-7.498,0],[0,5.744],[5.744,0],[0,-4.649]],"v":[[12.367,1.949],[1.949,8.408],[12.367,18.825],[22.784,8.408]]}}},{"ty":"fl","bm":0,"hd":false,"mn":"ADBE Vector Graphic - Fill","nm":"Fill 1","c":{"a":0,"k":[0.2706,0.3529,0.3922]},"r":1,"o":{"a":0,"k":100}},{"ty":"tr","a":{"a":0,"k":[0,0]},"s":{"a":0,"k":[100,100]},"sk":{"a":0,"k":0},"p":{"a":0,"k":[0,0]},"r":{"a":0,"k":0},"sa":{"a":0,"k":0},"o":{"a":0,"k":100}}]}],"ind":19},{"ty":4,"nm":"Path 502","sr":1,"st":0,"op":180,"ip":0,"hd":false,"ddd":0,"bm":0,"hasMask":false,"ao":0,"ks":{"a":{"a":0,"k":[12.367,10.387,0]},"s":{"a":0,"k":[100,100,100]},"sk":{"a":0,"k":0},"p":{"a":0,"k":[364.508,119.946,0]},"r":{"a":0,"k":0},"sa":{"a":0,"k":0},"o":{"a":0,"k":100}},"shapes":[{"ty":"gr","bm":0,"hd":false,"mn":"ADBE Vector Group","nm":"Path 502","ix":1,"cix":2,"np":3,"it":[{"ty":"sh","bm":0,"hd":false,"mn":"ADBE Vector Shape - Group","nm":"Path 1","ix":1,"d":1,"ks":{"a":0,"k":{"c":true,"i":[[6.819,0],[0,6.819],[-3.702,0],[0,-8.408]],"o":[[-6.819,0],[0,-8.408],[3.702,0],[0,6.819]],"v":[[12.367,20.774],[0,8.408],[12.367,0],[24.734,8.408]]}}},{"ty":"sh","bm":0,"hd":false,"mn":"ADBE Vector Shape - Group","nm":"Path 2","ix":2,"d":1,"ks":{"a":0,"k":{"c":true,"i":[[7.496,0],[0,-4.649],[-5.744,0],[0,5.744]],"o":[[-7.498,0],[0,5.744],[5.744,0],[0,-4.649]],"v":[[12.367,1.949],[1.949,8.408],[12.367,18.825],[22.784,8.408]]}}},{"ty":"fl","bm":0,"hd":false,"mn":"ADBE Vector Graphic - Fill","nm":"Fill 1","c":{"a":0,"k":[0.2706,0.3529,0.3922]},"r":1,"o":{"a":0,"k":100}},{"ty":"tr","a":{"a":0,"k":[0,0]},"s":{"a":0,"k":[100,100]},"sk":{"a":0,"k":0},"p":{"a":0,"k":[0,0]},"r":{"a":0,"k":0},"sa":{"a":0,"k":0},"o":{"a":0,"k":100}}]}],"ind":20},{"ty":4,"nm":"Path 501","sr":1,"st":0,"op":180,"ip":0,"hd":false,"ddd":0,"bm":0,"hasMask":false,"ao":0,"ks":{"a":{"a":0,"k":[3.452,3.586,0]},"s":{"a":0,"k":[100,100,100]},"sk":{"a":0,"k":0},"p":{"a":0,"k":[394.761,121.097,0]},"r":{"a":0,"k":0},"sa":{"a":0,"k":0},"o":{"a":0,"k":100}},"shapes":[{"ty":"gr","bm":0,"hd":false,"mn":"ADBE Vector Group","nm":"Path 501","ix":1,"cix":2,"np":2,"it":[{"ty":"sh","bm":0,"hd":false,"mn":"ADBE Vector Shape - Group","nm":"Path 1","ix":1,"d":1,"ks":{"a":0,"k":{"c":true,"i":[[-0.099,-1.978],[1.905,-0.089],[0.11,2.175],[-1.903,0.089]],"o":[[0.101,1.979],[-2.094,0.099],[-0.101,-1.978],[1.905,-0.091]],"v":[[6.9,3.421],[3.631,7.167],[0.005,3.748],[3.272,0.004]]}}},{"ty":"fl","bm":0,"hd":false,"mn":"ADBE Vector Graphic - Fill","nm":"Fill 1","c":{"a":0,"k":[0.149,0.1961,0.2196]},"r":1,"o":{"a":0,"k":100}},{"ty":"tr","a":{"a":0,"k":[0,0]},"s":{"a":0,"k":[100,100]},"sk":{"a":0,"k":0},"p":{"a":0,"k":[0,0]},"r":{"a":0,"k":0},"sa":{"a":0,"k":0},"o":{"a":0,"k":100}}]}],"ind":21},{"ty":4,"nm":"Path 500","sr":1,"st":0,"op":180,"ip":0,"hd":false,"ddd":0,"bm":0,"hasMask":false,"ao":0,"ks":{"a":{"a":0,"k":[3.798,3.944,0]},"s":{"a":0,"k":[100,100,100]},"sk":{"a":0,"k":0},"p":{"a":0,"k":[365.599,120.738,0]},"r":{"a":0,"k":0},"sa":{"a":0,"k":0},"o":{"a":0,"k":100}},"shapes":[{"ty":"gr","bm":0,"hd":false,"mn":"ADBE Vector Group","nm":"Path 500","ix":1,"cix":2,"np":2,"it":[{"ty":"sh","bm":0,"hd":false,"mn":"ADBE Vector Shape - Group","nm":"Path 1","ix":1,"d":1,"ks":{"a":0,"k":{"c":true,"i":[[-0.108,-2.175],[2.094,-0.099],[0.11,2.175],[-2.095,0.099]],"o":[[0.11,2.177],[-2.095,0.099],[-0.108,-2.177],[2.094,-0.099]],"v":[[7.59,3.763],[3.996,7.884],[0.005,4.125],[3.601,0.004]]}}},{"ty":"fl","bm":0,"hd":false,"mn":"ADBE Vector Graphic - Fill","nm":"Fill 1","c":{"a":0,"k":[0.149,0.1961,0.2196]},"r":1,"o":{"a":0,"k":100}},{"ty":"tr","a":{"a":0,"k":[0,0]},"s":{"a":0,"k":[100,100]},"sk":{"a":0,"k":0},"p":{"a":0,"k":[0,0]},"r":{"a":0,"k":0},"sa":{"a":0,"k":0},"o":{"a":0,"k":100}}]}],"ind":22},{"ty":4,"nm":"Ellipse 9","sr":1,"st":0,"op":180,"ip":0,"hd":false,"ddd":0,"bm":0,"hasMask":false,"ao":0,"ks":{"a":{"a":0,"k":[0,0,0]},"s":{"a":1,"k":[{"o":{"x":0.167,"y":0.167},"i":{"x":0.833,"y":0.833},"s":[149,149,100],"t":0},{"o":{"x":0.167,"y":0.167},"i":{"x":0.833,"y":0.833},"s":[100,100,100],"t":90},{"s":[149,149,100],"t":179}]},"sk":{"a":0,"k":0},"p":{"a":0,"k":[371.802,145.643,0]},"r":{"a":0,"k":0},"sa":{"a":0,"k":0},"o":{"a":0,"k":100}},"shapes":[{"ty":"gr","bm":0,"hd":false,"mn":"ADBE Vector Group","nm":"Ellipse 9","ix":1,"cix":2,"np":2,"it":[{"ty":"el","bm":0,"hd":false,"mn":"ADBE Vector Shape - Ellipse","nm":"Ellipse Path 1","d":1,"p":{"a":0,"k":[0,0]},"s":{"a":0,"k":[7.207,7.207]}},{"ty":"fl","bm":0,"hd":false,"mn":"ADBE Vector Graphic - Fill","nm":"Fill 1","c":{"a":0,"k":[0.6941,0.4,0.4078]},"r":1,"o":{"a":0,"k":100}},{"ty":"tr","a":{"a":0,"k":[0,0]},"s":{"a":0,"k":[100,100]},"sk":{"a":0,"k":0},"p":{"a":0,"k":[0,0]},"r":{"a":0,"k":0},"sa":{"a":0,"k":0},"o":{"a":0,"k":100}}]}],"ind":23},{"ty":4,"nm":"Path 499","sr":1,"st":0,"op":180,"ip":0,"hd":false,"ddd":0,"bm":0,"hasMask":false,"ao":0,"ks":{"a":{"a":0,"k":[44.831,61.19,0]},"s":{"a":0,"k":[100,100,100]},"sk":{"a":0,"k":0},"p":{"a":0,"k":[357.747,139.369,0]},"r":{"a":0,"k":0},"sa":{"a":0,"k":0},"o":{"a":0,"k":100}},"shapes":[{"ty":"gr","bm":0,"hd":false,"mn":"ADBE Vector Group","nm":"Path 499","ix":1,"cix":2,"np":2,"it":[{"ty":"sh","bm":0,"hd":false,"mn":"ADBE Vector Shape - Group","nm":"Path 1","ix":1,"d":1,"ks":{"a":0,"k":{"c":true,"i":[[0.761,-32.386],[4.465,-1.949],[8.363,1.384],[0,0],[0.721,-7.545],[10.84,7.389],[2.464,2.923],[0,1.392],[0,0],[8.112,5.556],[-4.951,5.849],[-4.309,-6.454],[-2.71,1.97],[-8.734,5.849],[-0.019,0],[-3.316,1.15],[-3.257,10.645]],"o":[[-0.624,27.452],[-4.465,1.949],[0,0],[0,0],[-0.742,7.566],[-7.912,-5.391],[-0.899,-1.065],[0,0],[0,0],[-8.091,-5.537],[3.529,-4.153],[2.417,4.739],[7.233,-5.206],[0.021,0],[2.613,-1.403],[15.579,-5.381],[6.142,3.645]],"v":[[89.592,46.541],[75.593,82.728],[54.146,82.104],[54.146,98.579],[63.076,116.243],[37.065,117.259],[21.038,102.787],[19.653,98.995],[19.653,60.228],[6.961,59.526],[3.12,37.805],[19.927,39.813],[25.386,47.339],[37.474,24.449],[37.514,24.43],[46.405,20.549],[78.732,0]]}}},{"ty":"fl","bm":0,"hd":false,"mn":"ADBE Vector Graphic - Fill","nm":"Fill 1","c":{"a":0,"k":[1,0.6588,0.6549]},"r":1,"o":{"a":0,"k":100}},{"ty":"tr","a":{"a":0,"k":[0,0]},"s":{"a":0,"k":[100,100]},"sk":{"a":0,"k":0},"p":{"a":0,"k":[0,0]},"r":{"a":0,"k":0},"sa":{"a":0,"k":0},"o":{"a":0,"k":100}}]}],"ind":24},{"ty":4,"nm":"Path 498","sr":1,"st":0,"op":180,"ip":0,"hd":false,"ddd":0,"bm":0,"hasMask":false,"ao":0,"ks":{"a":{"a":0,"k":[25.024,13.382,0]},"s":{"a":0,"k":[100,100,100]},"sk":{"a":0,"k":0},"p":{"a":0,"k":[357.823,252.66,0]},"r":{"a":0,"k":0},"sa":{"a":0,"k":0},"o":{"a":0,"k":10}},"shapes":[{"ty":"gr","bm":0,"hd":false,"mn":"ADBE Vector Group","nm":"Path 498","ix":1,"cix":2,"np":2,"it":[{"ty":"sh","bm":0,"hd":false,"mn":"ADBE Vector Shape - Group","nm":"Path 1","ix":1,"d":1,"ks":{"a":0,"k":{"c":true,"i":[[0,0],[16.547,5.87],[0,0],[-20.874,-6.452]],"o":[[0,0],[-16.549,-5.868],[0,0],[20.144,6.225]],"v":[[50.047,14.951],[19,20.334],[0.036,0],[19.154,25.37]]}}},{"ty":"fl","bm":0,"hd":false,"mn":"ADBE Vector Graphic - Fill","nm":"Fill 1","c":{"a":0,"k":[0,0,0]},"r":1,"o":{"a":0,"k":100}},{"ty":"tr","a":{"a":0,"k":[0,0]},"s":{"a":0,"k":[100,100]},"sk":{"a":0,"k":0},"p":{"a":0,"k":[0,0]},"r":{"a":0,"k":0},"sa":{"a":0,"k":0},"o":{"a":0,"k":100}}]}],"ind":25},{"ty":4,"nm":"Path 497","sr":1,"st":0,"op":180,"ip":0,"hd":false,"ddd":0,"bm":0,"hasMask":false,"ao":0,"ks":{"a":{"a":0,"k":[61.26,82.178,0]},"s":{"a":0,"k":[100,100,100]},"sk":{"a":0,"k":0},"p":{"a":0,"k":[356.372,257.687,0]},"r":{"a":0,"k":0},"sa":{"a":0,"k":0},"o":{"a":0,"k":60}},"shapes":[],"ind":26},{"ty":4,"nm":"Path 496","sr":1,"st":0,"op":180,"ip":0,"hd":false,"ddd":0,"bm":0,"hasMask":false,"ao":0,"ks":{"a":{"a":0,"k":[61.26,82.178,0]},"s":{"a":0,"k":[100,100,100]},"sk":{"a":0,"k":0},"p":{"a":0,"k":[356.372,257.687,0]},"r":{"a":0,"k":0},"sa":{"a":0,"k":0},"o":{"a":0,"k":100}},"shapes":[{"ty":"gr","bm":0,"hd":false,"mn":"ADBE Vector Group","nm":"Path 496","ix":1,"cix":2,"np":2,"it":[{"ty":"sh","bm":0,"hd":false,"mn":"ADBE Vector Shape - Group","nm":"Path 1","ix":1,"d":1,"ks":{"a":0,"k":{"c":true,"i":[[0,0],[0,0],[0,0],[1.548,-11.048],[-3.288,-17.813],[0,0],[0,0],[6.456,-18.315],[-24.147,3.099],[-3.25,4.4],[0.314,18.903],[-0.308,9.139],[6.739,10.909],[10.082,-0.818]],"o":[[0,0],[-7.923,0.546],[-8.317,4.642],[-0.658,4.699],[0,0],[0,0],[-3.242,9.996],[31.747,17.718],[18.414,-2.364],[-0.677,-18.095],[-0.131,-7.941],[12.354,-10.148],[-15.657,-25.345],[0,0]],"v":[[39.304,1.139],[39.304,1.139],[16.965,2.953],[4.999,22.447],[11.46,57.497],[17.703,90.533],[17.026,106.916],[0,147.654],[82.521,162.928],[113.927,151.708],[111.655,103.537],[112.309,78.449],[118.065,40.514],[77.107,0.03]]}}},{"ty":"fl","bm":0,"hd":false,"mn":"ADBE Vector Graphic - Fill","nm":"Fill 1","c":{"a":0,"k":[0.5569,0.8078,0.898]},"r":1,"o":{"a":0,"k":100}},{"ty":"tr","a":{"a":0,"k":[0,0]},"s":{"a":0,"k":[100,100]},"sk":{"a":0,"k":0},"p":{"a":0,"k":[0,0]},"r":{"a":0,"k":0},"sa":{"a":0,"k":0},"o":{"a":0,"k":100}}]}],"ind":27},{"ty":4,"nm":"Path 495","sr":1,"st":0,"op":180,"ip":0,"hd":false,"ddd":0,"bm":0,"hasMask":false,"ao":0,"ks":{"a":{"a":0,"k":[45.365,80.215,0]},"s":{"a":0,"k":[100,100,100]},"sk":{"a":0,"k":0},"p":{"a":0,"k":[417.229,255.636,0]},"r":{"a":0,"k":0},"sa":{"a":0,"k":0},"o":{"a":0,"k":100}},"shapes":[{"ty":"gr","bm":0,"hd":false,"mn":"ADBE Vector Group","nm":"Path 495","ix":1,"cix":2,"np":2,"it":[{"ty":"sh","bm":0,"hd":false,"mn":"ADBE Vector Shape - Group","nm":"Path 1","ix":1,"d":1,"ks":{"a":0,"k":{"c":true,"i":[[-2.113,20.681],[0.143,2.071],[11.698,14.828],[14.257,17.901],[10.452,-0.58],[-7.18,-20.779],[0,0],[0.211,-2.139],[0,0],[0,0]],"o":[[1.65,-16.163],[-0.58,-8.368],[-15.796,-20.019],[-10.181,-12.78],[-7.305,0.403],[0,0],[1.261,1.74],[0,0],[0,0],[0,0]],"v":[[89.219,123.728],[90.664,94.726],[76.89,70.168],[33.357,14.257],[2.026,0.089],[16.156,56.392],[57.137,100.471],[58.767,106.491],[56.251,144.014],[68.521,160.43]]}}},{"ty":"fl","bm":0,"hd":false,"mn":"ADBE Vector Graphic - Fill","nm":"Fill 1","c":{"a":0,"k":[1,0.6588,0.6549]},"r":1,"o":{"a":0,"k":100}},{"ty":"tr","a":{"a":0,"k":[0,0]},"s":{"a":0,"k":[100,100]},"sk":{"a":0,"k":0},"p":{"a":0,"k":[0,0]},"r":{"a":0,"k":0},"sa":{"a":0,"k":0},"o":{"a":0,"k":100}}]}],"ind":28},{"ty":4,"nm":"Path 494","sr":1,"st":0,"op":180,"ip":0,"hd":false,"ddd":0,"bm":0,"hasMask":false,"ao":0,"ks":{"a":{"a":0,"k":[22.216,68.809,0]},"s":{"a":0,"k":[100,100,100]},"sk":{"a":0,"k":0},"p":{"a":0,"k":[375.966,422.207,0]},"r":{"a":0,"k":0},"sa":{"a":0,"k":0},"o":{"a":0,"k":100}},"shapes":[{"ty":"gr","bm":0,"hd":false,"mn":"ADBE Vector Group","nm":"Path 494","ix":1,"cix":2,"np":2,"it":[{"ty":"sh","bm":0,"hd":false,"mn":"ADBE Vector Shape - Group","nm":"Path 1","ix":1,"d":1,"ks":{"a":0,"k":{"c":true,"i":[[0,0],[0,0],[-12.008,11.289],[22.211,-3.208],[0,0],[0,0]],"o":[[0,0],[0,0],[0,0],[0,0],[0,0],[0,0]],"v":[[0,67.564],[5.917,14.832],[44.432,0],[13.198,19.741],[4.643,68.809],[14.314,137.618]]}}},{"ty":"fl","bm":0,"hd":false,"mn":"ADBE Vector Graphic - Fill","nm":"Fill 1","c":{"a":0,"k":[0.149,0.1961,0.2196]},"r":1,"o":{"a":0,"k":100}},{"ty":"tr","a":{"a":0,"k":[0,0]},"s":{"a":0,"k":[100,100]},"sk":{"a":0,"k":0},"p":{"a":0,"k":[0,0]},"r":{"a":0,"k":0},"sa":{"a":0,"k":0},"o":{"a":0,"k":100}}]}],"ind":29},{"ty":4,"nm":"Path 493","sr":1,"st":0,"op":180,"ip":0,"hd":false,"ddd":0,"bm":0,"hasMask":false,"ao":0,"ks":{"a":{"a":0,"k":[64.905,146.17,0]},"s":{"a":0,"k":[100,100,100]},"sk":{"a":0,"k":0},"p":{"a":0,"k":[349.075,458.275,0]},"r":{"a":0,"k":0},"sa":{"a":0,"k":0},"o":{"a":0,"k":100}},"shapes":[{"ty":"gr","bm":0,"hd":false,"mn":"ADBE Vector Group","nm":"Path 493","ix":1,"cix":2,"np":2,"it":[{"ty":"sh","bm":0,"hd":false,"mn":"ADBE Vector Shape - Group","nm":"Path 1","ix":1,"d":1,"ks":{"a":0,"k":{"c":true,"i":[[0,0],[-2.474,-41.966],[0,0],[1.228,-30.186],[0,0],[-15.76,11.917],[-4.457,35.328],[0,0],[0,0],[1.276,-13.156],[0,0],[-13.447,11.926],[-1.877,25.031],[4.138,48.041]],"o":[[-14.976,32.892],[2.27,38.495],[-0.58,6.832],[-1.148,28.222],[0,0],[0,0],[3.889,-30.829],[0,0],[0,0],[-2.012,20.779],[0,0],[0,0],[2.514,-33.519],[0,0]],"v":[[18.166,0],[5.665,100.292],[11.558,172.677],[0.256,223.023],[2.199,287.12],[39.27,287.017],[58.934,179.076],[69.58,108.856],[83.894,178.911],[77.175,209.338],[86.783,270.92],[122.253,265.565],[129.159,174.195],[122.251,1.89]]}}},{"ty":"fl","bm":0,"hd":false,"mn":"ADBE Vector Graphic - Fill","nm":"Fill 1","c":{"a":0,"k":[0.2706,0.3529,0.3922]},"r":1,"o":{"a":0,"k":100}},{"ty":"tr","a":{"a":0,"k":[0,0]},"s":{"a":0,"k":[100,100]},"sk":{"a":0,"k":0},"p":{"a":0,"k":[0,0]},"r":{"a":0,"k":0},"sa":{"a":0,"k":0},"o":{"a":0,"k":100}}]}],"ind":30},{"ty":4,"nm":"Path 492","sr":1,"st":0,"op":180,"ip":0,"hd":false,"ddd":0,"bm":0,"hasMask":false,"ao":0,"ks":{"a":{"a":0,"k":[36.482,64.226,0]},"s":{"a":0,"k":[100,100,100]},"sk":{"a":0,"k":0},"p":{"a":0,"k":[405.478,617.574,0]},"r":{"a":0,"k":0},"sa":{"a":0,"k":0},"o":{"a":0,"k":100}},"shapes":[{"ty":"gr","bm":0,"hd":false,"mn":"ADBE Vector Group","nm":"Path 492","ix":1,"cix":2,"np":2,"it":[{"ty":"sh","bm":0,"hd":false,"mn":"ADBE Vector Shape - Group","nm":"Path 1","ix":1,"d":1,"ks":{"a":0,"k":{"c":true,"i":[[0.304,8.492],[0,0],[0,0],[-0.148,-8.159],[0,0],[-0.011,-1.206],[-8.528,-6.457],[-9.901,-4.974],[-1.559,3.987],[8.254,9.049]],"o":[[-0.304,-8.49],[0,0],[8.355,49.865],[0,0],[-0.065,0.19],[0.036,9.688],[3.369,2.55],[6.195,3.115],[-10.38,-7.923],[-3.942,-4.322]],"v":[[33.495,80.52],[39.013,0],[0,17.785],[10.283,87.565],[10.283,87.565],[10.063,89.653],[29.559,111.024],[52.625,126.082],[72.964,125.492],[39.237,96.658]]}}},{"ty":"fl","bm":0,"hd":false,"mn":"ADBE Vector Graphic - Fill","nm":"Fill 1","c":{"a":0,"k":[1,0.6588,0.6549]},"r":1,"o":{"a":0,"k":100}},{"ty":"tr","a":{"a":0,"k":[0,0]},"s":{"a":0,"k":[100,100]},"sk":{"a":0,"k":0},"p":{"a":0,"k":[0,0]},"r":{"a":0,"k":0},"sa":{"a":0,"k":0},"o":{"a":0,"k":100}}]}],"ind":31},{"ty":4,"nm":"Path 491","sr":1,"st":0,"op":180,"ip":0,"hd":false,"ddd":0,"bm":0,"hasMask":false,"ao":0,"ks":{"a":{"a":0,"k":[41.238,29.664,0]},"s":{"a":0,"k":[100,100,100]},"sk":{"a":0,"k":0},"p":{"a":0,"k":[415.084,670.62,0]},"r":{"a":0,"k":0},"sa":{"a":0,"k":0},"o":{"a":0,"k":100}},"shapes":[{"ty":"gr","bm":0,"hd":false,"mn":"ADBE Vector Group","nm":"Path 491","ix":1,"cix":2,"np":2,"it":[{"ty":"sh","bm":0,"hd":false,"mn":"ADBE Vector Shape - Group","nm":"Path 1","ix":1,"d":1,"ks":{"a":0,"k":{"c":true,"i":[[0,0],[0.335,-1.73],[0.856,-3.381],[-0.713,-3.828],[-5.796,-1.778],[-4.685,-4.408],[-8.433,0.061],[-3.288,5.343],[11.405,7.399],[3.316,2.168],[5.111,11.804]],"o":[[0,0],[-0.397,2.059],[-1.188,4.699],[0.711,3.828],[8.549,2.624],[5.739,5.4],[9.979,-0.072],[3.434,-5.581],[-2.59,-1.681],[-18.068,-11.802],[0,0]],"v":[[5.507,0.219],[3.551,1.079],[1.704,10.763],[0.24,27.028],[15.673,37.564],[34.771,48.884],[61.327,59.327],[81.551,50.66],[67.15,37.27],[58.296,31.521],[28.502,1.59]]}}},{"ty":"fl","bm":0,"hd":false,"mn":"ADBE Vector Graphic - Fill","nm":"Fill 1","c":{"a":0,"k":[0.149,0.1961,0.2196]},"r":1,"o":{"a":0,"k":100}},{"ty":"tr","a":{"a":0,"k":[0,0]},"s":{"a":0,"k":[100,100]},"sk":{"a":0,"k":0},"p":{"a":0,"k":[0,0]},"r":{"a":0,"k":0},"sa":{"a":0,"k":0},"o":{"a":0,"k":100}}]}],"ind":32},{"ty":4,"nm":"Path 490","sr":1,"st":0,"op":180,"ip":0,"hd":false,"ddd":0,"bm":0,"hasMask":false,"ao":0,"ks":{"a":{"a":0,"k":[20.54,71.088,0]},"s":{"a":0,"k":[100,100,100]},"sk":{"a":0,"k":0},"p":{"a":0,"k":[306.043,650.013,0]},"r":{"a":0,"k":0},"sa":{"a":0,"k":0},"o":{"a":0,"k":100}},"shapes":[{"ty":"gr","bm":0,"hd":false,"mn":"ADBE Vector Group","nm":"Path 490","ix":1,"cix":2,"np":2,"it":[{"ty":"sh","bm":0,"hd":false,"mn":"ADBE Vector Shape - Group","nm":"Path 1","ix":1,"d":1,"ks":{"a":0,"k":{"c":true,"i":[[-0.188,1.419],[0,0],[-0.711,-25.731],[-1.827,-9.966],[-0.941,8.96],[-0.055,3.948],[-4.056,29.621]],"o":[[0,0],[0.61,27.421],[0.133,4.843],[2.744,14.972],[0.945,-8.96],[-0.156,-16.501],[0.2,-1.457]],"v":[[41.08,0.743],[0,0],[5.68,83.591],[7.385,131.191],[28.844,135.182],[27.756,83.99],[39.389,10.013]]}}},{"ty":"fl","bm":0,"hd":false,"mn":"ADBE Vector Graphic - Fill","nm":"Fill 1","c":{"a":0,"k":[1,0.6588,0.6549]},"r":1,"o":{"a":0,"k":100}},{"ty":"tr","a":{"a":0,"k":[0,0]},"s":{"a":0,"k":[100,100]},"sk":{"a":0,"k":0},"p":{"a":0,"k":[0,0]},"r":{"a":0,"k":0},"sa":{"a":0,"k":0},"o":{"a":0,"k":100}}]}],"ind":33},{"ty":4,"nm":"Path 489","sr":1,"st":0,"op":180,"ip":0,"hd":false,"ddd":0,"bm":0,"hasMask":false,"ao":0,"ks":{"a":{"a":0,"k":[16.534,38.968,0]},"s":{"a":0,"k":[100,100,100]},"sk":{"a":0,"k":0},"p":{"a":0,"k":[302.891,701.484,0]},"r":{"a":0,"k":0},"sa":{"a":0,"k":0},"o":{"a":0,"k":100}},"shapes":[{"ty":"gr","bm":0,"hd":false,"mn":"ADBE Vector Group","nm":"Path 489","ix":1,"cix":2,"np":2,"it":[{"ty":"sh","bm":0,"hd":false,"mn":"ADBE Vector Shape - Group","nm":"Path 1","ix":1,"d":1,"ks":{"a":0,"k":{"c":true,"i":[[0,0],[0.221,-11.633],[0.302,-10.234],[-4.746,-6.573],[-5.265,11.11],[1.683,11.472],[1.008,9.045],[0,0]],"o":[[-0.555,4.111],[-0.238,12.47],[-0.346,11.696],[4.744,6.572],[5.328,-11.245],[-1.742,-11.86],[-0.888,-7.973],[0,0]],"v":[[4.826,0],[2.869,20.544],[0.038,47.674],[6.457,70.319],[28.921,71.745],[31.825,41.884],[28.855,14.428],[26.902,0.399]]}}},{"ty":"fl","bm":0,"hd":false,"mn":"ADBE Vector Graphic - Fill","nm":"Fill 1","c":{"a":0,"k":[0.149,0.1961,0.2196]},"r":1,"o":{"a":0,"k":100}},{"ty":"tr","a":{"a":0,"k":[0,0]},"s":{"a":0,"k":[100,100]},"sk":{"a":0,"k":0},"p":{"a":0,"k":[0,0]},"r":{"a":0,"k":0},"sa":{"a":0,"k":0},"o":{"a":0,"k":100}}]}],"ind":34},{"ty":4,"nm":"Path 488","sr":1,"st":0,"op":180,"ip":0,"hd":false,"ddd":0,"bm":0,"hasMask":false,"ao":0,"ks":{"a":{"a":0,"k":[56.719,108.643,0]},"s":{"a":0,"k":[100,100,100]},"sk":{"a":0,"k":0},"p":{"a":0,"k":[354.47,159.832,0]},"r":{"a":0,"k":0},"sa":{"a":0,"k":0},"o":{"a":0,"k":100}},"shapes":[{"ty":"gr","bm":0,"hd":false,"mn":"ADBE Vector Group","nm":"Path 488","ix":1,"cix":2,"np":2,"it":[{"ty":"sh","bm":0,"hd":false,"mn":"ADBE Vector Shape - Group","nm":"Path 1","ix":1,"d":1,"ks":{"a":0,"k":{"c":true,"i":[[25.341,0],[0,0],[0,0],[-29.602,0],[0,0],[0,-29.6],[0,0]],"o":[[0,0],[0,0],[0,-29.6],[0,0],[29.602,0],[0,0],[0,25.341]],"v":[[67.554,217.286],[0,217.286],[0,53.597],[53.599,0],[59.84,0],[113.439,53.597],[113.439,171.404]]}}},{"ty":"fl","bm":0,"hd":false,"mn":"ADBE Vector Graphic - Fill","nm":"Fill 1","c":{"a":0,"k":[0.149,0.1961,0.2196]},"r":1,"o":{"a":0,"k":100}},{"ty":"tr","a":{"a":0,"k":[0,0]},"s":{"a":0,"k":[100,100]},"sk":{"a":0,"k":0},"p":{"a":0,"k":[0,0]},"r":{"a":0,"k":0},"sa":{"a":0,"k":0},"o":{"a":0,"k":100}}]}],"ind":35},{"ty":4,"nm":"Path 486","sr":1,"st":0,"op":180,"ip":0,"hd":false,"ddd":0,"bm":0,"hasMask":false,"ao":0,"ks":{"a":{"a":0,"k":[25.727,29.203,0]},"s":{"a":0,"k":[100,100,100]},"sk":{"a":0,"k":0},"p":{"a":0,"k":[518.089,81.667,0]},"r":{"a":0,"k":0},"sa":{"a":0,"k":0},"o":{"a":1,"k":[{"o":{"x":0.167,"y":0.167},"i":{"x":0.833,"y":0.833},"s":[0],"t":0},{"o":{"x":0.167,"y":0.167},"i":{"x":0.833,"y":0.833},"s":[100],"t":95},{"s":[0],"t":179}]}},"shapes":[{"ty":"gr","bm":0,"hd":false,"mn":"ADBE Vector Group","nm":"Path 486","ix":1,"cix":2,"np":3,"it":[{"ty":"sh","bm":0,"hd":false,"mn":"ADBE Vector Shape - Group","nm":"Path 1","ix":1,"d":1,"ks":{"a":0,"k":{"c":true,"i":[[0,0],[-0.114,-0.662],[0.376,-0.531],[0,0],[0.66,-0.11],[0.532,0.376],[0,0],[0.112,0.662],[-0.378,0.531],[0,0],[-0.664,0.11],[-0.534,-0.378]],"o":[[0.531,0.378],[0.11,0.662],[0,0],[-0.378,0.532],[-0.662,0.112],[0,0],[-0.532,-0.38],[-0.112,-0.662],[0,0],[0.376,-0.531],[0.66,-0.112],[0,0]],"v":[[14.537,47.686],[15.503,49.243],[15.104,51.031],[10.575,57.403],[9.017,58.367],[7.228,57.969],[1.002,53.543],[0.038,51.985],[0.438,50.198],[4.967,43.824],[6.524,42.862],[8.312,43.259]]}}},{"ty":"sh","bm":0,"hd":false,"mn":"ADBE Vector Shape - Group","nm":"Path 2","ix":2,"d":1,"ks":{"a":0,"k":{"c":true,"i":[[-2.559,-1.82],[-1.7,-2.154],[-0.787,-2.415],[0.274,-2.531],[1.683,-2.365],[1.614,-0.993],[1.747,-0.466],[1.778,-0.154],[1.59,-0.141],[1.398,-0.386],[0.899,-0.958],[0.612,-0.146],[0.531,0.376],[0,0],[0.135,0.679],[-0.426,0.498],[-1.715,0.928],[-1.797,0.434],[-1.787,0.11],[-1.567,0.158],[-1.23,0.399],[-0.721,1.013],[0.704,2.284],[2.557,1.818],[4.847,-2.731],[0.453,-0.076],[0.628,0.447],[0,0],[0.108,0.513],[-0.342,0.483],[-2.244,1.057],[-2.679,0.24],[-2.898,-0.679]],"o":[[2.268,1.609],[1.702,2.154],[0.791,2.417],[-0.272,2.533],[-1.371,1.93],[-1.616,0.998],[-1.749,0.466],[-1.782,0.15],[-1.59,0.141],[-1.401,0.386],[-0.475,0.462],[-0.612,0.148],[0,0],[-0.531,-0.376],[-0.137,-0.677],[1.438,-1.814],[1.711,-0.924],[1.795,-0.432],[1.785,-0.11],[1.565,-0.158],[1.226,-0.399],[1.304,-1.835],[-0.703,-2.28],[-4.105,-2.917],[-0.62,0.359],[-0.456,0.076],[0,0],[-0.435,-0.308],[-0.108,-0.513],[1.247,-1.656],[2.242,-1.059],[2.677,-0.24],[2.896,0.679]],"v":[[40.879,4.5],[46.834,10.149],[50.572,17.002],[51.348,24.42],[48.416,31.767],[43.936,36.154],[38.892,38.346],[33.6,39.274],[28.544,39.711],[24.06,40.502],[20.609,42.52],[18.979,43.431],[17.266,43.085],[11.761,39.171],[10.761,37.589],[11.194,35.827],[15.918,31.716],[21.179,29.679],[26.553,28.867],[31.582,28.462],[35.773,27.627],[38.696,25.509],[39.595,19.335],[34.703,13.188],[21.274,12.908],[19.666,13.562],[18.044,13.009],[12.178,8.839],[11.364,7.607],[11.717,6.114],[16.954,2.043],[24.334,0.094],[32.695,0.752]]}}},{"ty":"fl","bm":0,"hd":false,"mn":"ADBE Vector Graphic - Fill","nm":"Fill 1","c":{"a":0,"k":[0.2588,0.6471,0.9608]},"r":1,"o":{"a":0,"k":100}},{"ty":"tr","a":{"a":0,"k":[0,0]},"s":{"a":0,"k":[100,100]},"sk":{"a":0,"k":0},"p":{"a":0,"k":[0,0]},"r":{"a":0,"k":0},"sa":{"a":0,"k":0},"o":{"a":0,"k":100}}]}],"ind":36},{"ty":4,"nm":"Path 484","sr":1,"st":0,"op":180,"ip":0,"hd":false,"ddd":0,"bm":0,"hasMask":false,"ao":0,"ks":{"a":{"a":0,"k":[18.778,26.724,0]},"s":{"a":0,"k":[100,100,100]},"sk":{"a":0,"k":0},"p":{"a":0,"k":[455.286,116.311,0]},"r":{"a":0,"k":0},"sa":{"a":0,"k":0},"o":{"a":1,"k":[{"o":{"x":0.167,"y":0.167},"i":{"x":0.833,"y":0.833},"s":[0],"t":0},{"o":{"x":0.167,"y":0.167},"i":{"x":0.833,"y":0.833},"s":[100],"t":40},{"s":[0],"t":179}]}},"shapes":[{"ty":"gr","bm":0,"hd":false,"mn":"ADBE Vector Group","nm":"Path 484","ix":1,"cix":2,"np":3,"it":[{"ty":"sh","bm":0,"hd":false,"mn":"ADBE Vector Shape - Group","nm":"Path 1","ix":1,"d":1,"ks":{"a":0,"k":{"c":true,"i":[[-2.615,0.426],[-2.301,-0.285],[-1.909,-0.979],[-1.337,-1.681],[-0.395,-2.415],[0.38,-1.553],[0.772,-1.318],[0.979,-1.147],[0.869,-1.029],[0.612,-1.061],[-0.029,-1.109],[0.278,-0.451],[0.542,-0.089],[0,0],[0.485,0.327],[0.038,0.551],[-0.479,1.573],[-0.821,1.323],[-1.008,1.128],[-0.848,1.027],[-0.502,0.966],[0.169,1.038],[1.778,0.953],[2.615,-0.428],[1.289,-4.516],[0.23,-0.316],[0.641,-0.103],[0,0],[0.369,0.243],[0.082,0.494],[-0.719,1.968],[-1.464,1.732],[-2.139,1.312]],"o":[[2.316,-0.378],[2.299,0.281],[1.907,0.981],[1.341,1.681],[0.321,1.974],[-0.378,1.555],[-0.772,1.314],[-0.975,1.148],[-0.871,1.029],[-0.612,1.061],[-0.01,0.561],[-0.283,0.451],[0,0],[-0.544,0.089],[-0.483,-0.325],[-0.217,-1.94],[0.475,-1.571],[0.821,-1.325],[1.006,-1.126],[0.844,-1.021],[0.5,-0.97],[-0.306,-1.871],[-1.776,-0.951],[-4.193,0.685],[-0.158,0.582],[-0.226,0.318],[0,0],[-0.447,0.072],[-0.369,-0.245],[-0.234,-1.732],[0.715,-1.966],[1.464,-1.734],[2.143,-1.314]],"v":[[16.627,0.327],[23.554,0.182],[29.867,2.072],[34.733,6.065],[37.334,12.211],[37.249,17.506],[35.522,21.817],[32.896,25.512],[30.126,28.775],[27.903,31.912],[27.03,35.167],[26.595,36.683],[25.359,37.493],[19.734,38.411],[18.194,38.056],[17.41,36.74],[17.804,31.473],[19.751,27.128],[22.495,23.45],[25.273,20.222],[27.291,17.236],[27.789,14.226],[24.663,9.99],[18.076,9.205],[9.854,17.006],[9.276,18.353],[7.975,18.984],[1.984,19.965],[0.761,19.708],[0.086,18.602],[0.814,13.051],[4.085,7.503],[9.493,2.935]]}}},{"ty":"sh","bm":0,"hd":false,"mn":"ADBE Vector Shape - Group","nm":"Path 2","ix":2,"d":1,"ks":{"a":0,"k":{"c":true,"i":[[0,0],[-0.462,-0.329],[-0.089,-0.54],[0,0],[0.331,-0.458],[0.542,-0.089],[0,0],[0.458,0.331],[0.087,0.542],[0,0],[-0.331,0.46],[-0.542,0.089]],"o":[[0.542,-0.087],[0.458,0.333],[0,0],[0.089,0.542],[-0.329,0.46],[0,0],[-0.542,0.089],[-0.46,-0.329],[0,0],[-0.087,-0.54],[0.329,-0.458],[0,0]],"v":[[26.454,41.872],[27.958,42.233],[28.777,43.542],[29.842,50.056],[29.479,51.558],[28.171,52.38],[21.807,53.42],[20.304,53.058],[19.483,51.75],[18.418,45.236],[18.781,43.734],[20.09,42.91]]}}},{"ty":"fl","bm":0,"hd":false,"mn":"ADBE Vector Graphic - Fill","nm":"Fill 1","c":{"a":0,"k":[0.2588,0.6471,0.9608]},"r":1,"o":{"a":0,"k":100}},{"ty":"tr","a":{"a":0,"k":[0,0]},"s":{"a":0,"k":[100,100]},"sk":{"a":0,"k":0},"p":{"a":0,"k":[0,0]},"r":{"a":0,"k":0},"sa":{"a":0,"k":0},"o":{"a":0,"k":100}}]}],"ind":37},{"ty":4,"nm":"Path 483","sr":1,"st":0,"op":180,"ip":0,"hd":false,"ddd":0,"bm":0,"hasMask":false,"ao":0,"ks":{"a":{"a":0,"k":[27.07,38.509,0]},"s":{"a":0,"k":[100,100,100]},"sk":{"a":0,"k":0},"p":{"a":0,"k":[437.915,38.509,0]},"r":{"a":0,"k":0},"sa":{"a":0,"k":0},"o":{"a":1,"k":[{"o":{"x":0.167,"y":0.167},"i":{"x":0.833,"y":0.833},"s":[0],"t":0},{"o":{"x":0.167,"y":0.167},"i":{"x":0.833,"y":0.833},"s":[100],"t":150},{"s":[0],"t":179}]}},"shapes":[{"ty":"gr","bm":0,"hd":false,"mn":"ADBE Vector Group","nm":"Path 483","ix":1,"cix":2,"np":3,"it":[{"ty":"sh","bm":0,"hd":false,"mn":"ADBE Vector Shape - Group","nm":"Path 1","ix":1,"d":1,"ks":{"a":0,"k":{"c":true,"i":[[-3.748,-0.831],[-2.942,-1.614],[-2.038,-2.343],[-0.897,-2.983],[0.766,-3.463],[1.344,-1.888],[1.746,-1.356],[1.93,-1.017],[1.721,-0.913],[1.392,-1.099],[0.557,-1.506],[0.618,-0.456],[0.776,0.171],[0,0],[0.473,0.702],[-0.243,0.762],[-1.487,1.858],[-1.818,1.341],[-1.959,0.975],[-1.69,0.926],[-1.192,1.033],[-0.327,1.485],[1.879,2.234],[3.748,0.831],[4.157,-5.383],[0.472,-0.302],[0.92,0.203],[0,0],[0.363,0.527],[-0.154,0.707],[-2.021,2.259],[-2.898,1.546],[-3.584,0.614]],"o":[[3.324,0.736],[2.942,1.616],[2.04,2.343],[0.898,2.978],[-0.626,2.829],[-1.348,1.89],[-1.746,1.356],[-1.932,1.019],[-1.725,0.918],[-1.394,1.101],[-0.316,0.747],[-0.622,0.458],[0,0],[-0.778,-0.171],[-0.475,-0.698],[0.753,-2.725],[1.487,-1.858],[1.818,-1.341],[1.957,-0.975],[1.687,-0.922],[1.194,-1.033],[0.595,-2.685],[-1.879,-2.232],[-6.009,-1.331],[-0.527,0.702],[-0.477,0.306],[0,0],[-0.635,-0.143],[-0.367,-0.525],[0.618,-2.459],[2.017,-2.261],[2.904,-1.544],[3.584,-0.614]],"v":[[32.138,0.714],[41.535,4.242],[49.009,10.18],[53.415,18.166],[53.611,27.83],[50.654,34.907],[46.017,39.777],[40.498,43.338],[35.016,46.238],[30.341,49.265],[27.416,53.178],[26.017,54.981],[23.921,55.407],[15.859,53.621],[13.98,52.315],[13.63,50.126],[16.989,43.249],[21.944,38.449],[27.61,34.977],[33.081,32.127],[37.399,29.191],[39.683,25.413],[37.758,18.033],[29.318,13.439],[14.068,19.518],[12.569,21.02],[10.474,21.171],[1.887,19.269],[0.385,18.267],[0.069,16.419],[4.03,9.341],[11.41,3.633],[21.141,0.393]]}}},{"ty":"sh","bm":0,"hd":false,"mn":"ADBE Vector Shape - Group","nm":"Path 2","ix":2,"d":1,"ks":{"a":0,"k":{"c":true,"i":[[0,0],[-0.439,-0.69],[0.171,-0.778],[0,0],[0.69,-0.439],[0.778,0.171],[0,0],[0.439,0.694],[-0.173,0.78],[0,0],[-0.69,0.443],[-0.78,-0.173]],"o":[[0.776,0.171],[0.441,0.692],[0,0],[-0.173,0.78],[-0.69,0.441],[0,0],[-0.78,-0.175],[-0.443,-0.69],[0,0],[0.173,-0.776],[0.694,-0.437],[0,0]],"v":[[23.043,61.889],[24.866,63.182],[25.269,65.384],[23.203,74.716],[21.908,76.544],[19.708,76.947],[10.588,74.927],[8.759,73.631],[8.356,71.429],[10.423,62.096],[11.716,60.269],[13.921,59.868]]}}},{"ty":"fl","bm":0,"hd":false,"mn":"ADBE Vector Graphic - Fill","nm":"Fill 1","c":{"a":0,"k":[0.2588,0.6471,0.9608]},"r":1,"o":{"a":0,"k":100}},{"ty":"tr","a":{"a":0,"k":[0,0]},"s":{"a":0,"k":[100,100]},"sk":{"a":0,"k":0},"p":{"a":0,"k":[0,0]},"r":{"a":0,"k":0},"sa":{"a":0,"k":0},"o":{"a":0,"k":100}}]}],"ind":38},{"ty":4,"nm":"Path 482","sr":1,"st":0,"op":180,"ip":0,"hd":false,"ddd":0,"bm":0,"hasMask":false,"ao":0,"ks":{"a":{"a":0,"k":[5.141,11.332,0]},"s":{"a":0,"k":[100,100,100]},"sk":{"a":0,"k":0},"p":{"a":0,"k":[704.341,287.227,0]},"r":{"a":0,"k":0},"sa":{"a":0,"k":0},"o":{"a":0,"k":100}},"shapes":[{"ty":"gr","bm":0,"hd":false,"mn":"ADBE Vector Group","nm":"Path 482","ix":1,"cix":2,"np":3,"it":[{"ty":"sh","bm":0,"hd":false,"mn":"ADBE Vector Shape - Group","nm":"Path 1","ix":1,"d":1,"ks":{"a":0,"k":{"c":true,"i":[[0,0],[-0.65,0.017],[-0.435,-0.411],[-0.234,-0.802],[-0.049,-1.129],[0.047,-1.384],[0.232,-1.069],[0.43,-0.909],[0.639,-0.726],[0.859,-0.496],[0,0],[0.097,0.093],[0,0.203],[0,0],[-0.095,0.2],[-0.133,0.076]],"o":[[0.882,-0.508],[0.65,-0.015],[0.435,0.409],[0.232,0.802],[0.047,1.329],[-0.049,1.185],[-0.234,1.072],[-0.43,0.909],[-0.637,0.728],[0,0],[-0.133,0.076],[-0.095,-0.091],[0,0],[0,-0.2],[0.097,-0.202],[0,0]],"v":[[4.9,0.79],[7.197,0.001],[8.825,0.59],[9.827,2.406],[10.247,5.304],[10.247,9.377],[9.827,12.758],[8.834,15.728],[7.233,18.179],[4.99,20.012],[0.483,22.613],[0.143,22.589],[0,22.149],[0,4.363],[0.143,3.758],[0.483,3.34]]}}},{"ty":"sh","bm":0,"hd":false,"mn":"ADBE Vector Shape - Group","nm":"Path 2","ix":2,"d":1,"ks":{"a":0,"k":{"c":true,"i":[[0.046,1.333],[0.124,0.432],[0.245,0.234],[0.369,0],[0.511,-0.297],[0,0],[0,0],[0,0],[-0.357,0.42],[-0.24,0.508],[-0.127,0.588],[-0.025,0.599]],"o":[[-0.025,-0.572],[-0.127,-0.432],[-0.245,-0.236],[-0.371,0.004],[0,0],[0,0],[0,0],[0.489,-0.283],[0.357,-0.416],[0.238,-0.504],[0.124,-0.586],[0.046,-1.388]],"v":[[7.832,6.696],[7.61,5.188],[7.055,4.188],[6.134,3.836],[4.811,4.285],[2.415,5.667],[2.415,18.057],[4.9,16.624],[6.17,15.572],[7.064,14.188],[7.61,12.553],[7.832,10.773]]}}},{"ty":"fl","bm":0,"hd":false,"mn":"ADBE Vector Graphic - Fill","nm":"Fill 1","c":{"a":0,"k":[0.9804,0.9804,0.9804]},"r":1,"o":{"a":0,"k":100}},{"ty":"tr","a":{"a":0,"k":[0,0]},"s":{"a":0,"k":[100,100]},"sk":{"a":0,"k":0},"p":{"a":0,"k":[0,0]},"r":{"a":0,"k":0},"sa":{"a":0,"k":0},"o":{"a":0,"k":100}}]}],"ind":39},{"ty":4,"nm":"Path 481","sr":1,"st":0,"op":180,"ip":0,"hd":false,"ddd":0,"bm":0,"hasMask":false,"ao":0,"ks":{"a":{"a":0,"k":[4.909,11.369,0]},"s":{"a":0,"k":[100,100,100]},"sk":{"a":0,"k":0},"p":{"a":0,"k":[691.232,294.624,0]},"r":{"a":0,"k":0},"sa":{"a":0,"k":0},"o":{"a":0,"k":100}},"shapes":[{"ty":"gr","bm":0,"hd":false,"mn":"ADBE Vector Group","nm":"Path 481","ix":1,"cix":2,"np":3,"it":[{"ty":"sh","bm":0,"hd":false,"mn":"ADBE Vector Shape - Group","nm":"Path 1","ix":1,"d":1,"ks":{"a":0,"k":{"c":true,"i":[[0,0],[-0.776,-0.616],[0,-1.89],[0.399,-1.177],[0.774,-0.905],[0,0],[0,-0.093],[0.078,-0.167],[0.107,-0.063],[0,0],[0.114,0.106],[0.049,0.12],[0,0],[0,0],[0,0],[0.093,-0.2],[0.131,-0.078],[0,0],[0.095,0.091],[0,0.203],[0,0],[-0.097,0.202],[-0.131,0.078]],"o":[[1.489,-0.859],[0.774,0.618],[0,1.341],[-0.401,1.175],[0,0],[0.036,0.089],[0,0.164],[-0.076,0.164],[0,0],[-0.238,0.139],[-0.112,-0.112],[0,0],[0,0],[0,0],[0,0.202],[-0.097,0.205],[0,0],[-0.131,0.074],[-0.097,-0.091],[0,0],[0,-0.203],[0.095,-0.203],[0,0]],"v":[[5.098,0.75],[8.494,0.387],[9.658,4.148],[9.059,7.922],[7.296,11.044],[9.764,16.42],[9.817,16.694],[9.701,17.188],[9.424,17.525],[7.904,18.401],[7.376,18.447],[7.134,18.105],[4.794,13.039],[2.415,14.414],[2.415,20.829],[2.272,21.432],[1.932,21.852],[0.483,22.687],[0.144,22.662],[0,22.223],[0,4.439],[0.144,3.832],[0.483,3.412]]}}},{"ty":"sh","bm":0,"hd":false,"mn":"ADBE Vector Shape - Group","nm":"Path 2","ix":2,"d":1,"ks":{"a":0,"k":{"c":true,"i":[[0,0],[0,0],[-0.407,0.601],[0,1.029],[0.405,0.116],[0.683,-0.394],[0,0]],"o":[[0,0],[0.683,-0.392],[0.405,-0.601],[0,-1.027],[-0.407,-0.112],[0,0],[0,0]],"v":[[2.415,10.972],[5.007,9.476],[6.636,7.985],[7.243,5.541],[6.636,3.826],[5.007,4.245],[2.415,5.741]]}}},{"ty":"fl","bm":0,"hd":false,"mn":"ADBE Vector Graphic - Fill","nm":"Fill 1","c":{"a":0,"k":[0.9804,0.9804,0.9804]},"r":1,"o":{"a":0,"k":100}},{"ty":"tr","a":{"a":0,"k":[0,0]},"s":{"a":0,"k":[100,100]},"sk":{"a":0,"k":0},"p":{"a":0,"k":[0,0]},"r":{"a":0,"k":0},"sa":{"a":0,"k":0},"o":{"a":0,"k":100}}]}],"ind":40},{"ty":4,"nm":"Path 480","sr":1,"st":0,"op":180,"ip":0,"hd":false,"ddd":0,"bm":0,"hasMask":false,"ao":0,"ks":{"a":{"a":0,"k":[5.293,10.651,0]},"s":{"a":0,"k":[100,100,100]},"sk":{"a":0,"k":0},"p":{"a":0,"k":[677.813,301.504,0]},"r":{"a":0,"k":0},"sa":{"a":0,"k":0},"o":{"a":0,"k":100}},"shapes":[{"ty":"gr","bm":0,"hd":false,"mn":"ADBE Vector Group","nm":"Path 480","ix":1,"cix":2,"np":3,"it":[{"ty":"sh","bm":0,"hd":false,"mn":"ADBE Vector Shape - Group","nm":"Path 1","ix":1,"d":1,"ks":{"a":0,"k":{"c":true,"i":[[-0.011,0.356],[-0.221,1.036],[-0.43,0.918],[-0.643,0.766],[-0.884,0.512],[-0.643,-0.013],[-0.43,-0.43],[-0.226,-0.768],[-0.036,-1.027],[-0.006,-0.418],[0,-0.451],[0.006,-0.426],[0.011,-0.354],[0.221,-1.036],[0.428,-0.917],[0.648,-0.761],[0.869,-0.5],[0.646,0.013],[0.43,0.424],[0.222,0.783],[0.038,1.006],[0.006,0.422],[0,0.449],[-0.006,0.426]],"o":[[0.038,-1.048],[0.222,-1.034],[0.43,-0.917],[0.646,-0.768],[0.869,-0.502],[0.645,0.015],[0.428,0.432],[0.228,0.77],[0.011,0.342],[0.006,0.418],[0,0.449],[-0.006,0.428],[-0.036,1.051],[-0.221,1.036],[-0.43,0.917],[-0.652,0.761],[-0.884,0.51],[-0.643,-0.015],[-0.43,-0.42],[-0.221,-0.78],[-0.011,-0.342],[-0.006,-0.418],[0,-0.451],[0.006,-0.426]],"v":[[0.034,11.231],[0.418,8.103],[1.394,5.173],[3.002,2.647],[5.294,0.733],[7.562,0.001],[9.173,0.668],[10.154,2.469],[10.549,5.159],[10.576,6.3],[10.586,7.603],[10.576,8.915],[10.549,10.086],[10.165,13.214],[9.192,16.144],[7.574,18.662],[5.294,20.556],[3.002,21.301],[1.394,20.645],[0.418,18.84],[0.034,16.159],[0.008,15.017],[0,13.716],[0.008,12.402]]}}},{"ty":"sh","bm":0,"hd":false,"mn":"ADBE Vector Shape - Group","nm":"Path 2","ix":2,"d":1,"ks":{"a":0,"k":{"c":true,"i":[[0.025,0.686],[0.508,0.434],[0.833,-0.483],[0.508,-1.019],[0.046,-1.35],[0,-0.854],[-0.025,-0.685],[-0.506,-0.424],[-0.837,0.481],[-0.506,1.006],[-0.049,1.35],[0,0.854]],"o":[[-0.049,-1.293],[-0.506,-0.432],[-0.837,0.483],[-0.506,1.017],[-0.025,0.711],[0,0.854],[0.046,1.295],[0.508,0.422],[0.833,-0.481],[0.508,-1.01],[0.025,-0.711],[0,-0.854]],"v":[[8.136,6.69],[7.304,4.1],[5.294,4.174],[3.28,6.426],[2.449,9.974],[2.411,12.322],[2.449,14.627],[3.28,17.203],[5.294,17.116],[7.304,14.882],[8.136,11.345],[8.171,8.996]]}}},{"ty":"fl","bm":0,"hd":false,"mn":"ADBE Vector Graphic - Fill","nm":"Fill 1","c":{"a":0,"k":[0.9804,0.9804,0.9804]},"r":1,"o":{"a":0,"k":100}},{"ty":"tr","a":{"a":0,"k":[0,0]},"s":{"a":0,"k":[100,100]},"sk":{"a":0,"k":0},"p":{"a":0,"k":[0,0]},"r":{"a":0,"k":0},"sa":{"a":0,"k":0},"o":{"a":0,"k":100}}]}],"ind":41},{"ty":4,"nm":"Path 479","sr":1,"st":0,"op":180,"ip":0,"hd":false,"ddd":0,"bm":0,"hasMask":false,"ao":0,"ks":{"a":{"a":0,"k":[6.545,12.491,0]},"s":{"a":0,"k":[100,100,100]},"sk":{"a":0,"k":0},"p":{"a":0,"k":[663.648,308.98,0]},"r":{"a":0,"k":0},"sa":{"a":0,"k":0},"o":{"a":0,"k":100}},"shapes":[{"ty":"gr","bm":0,"hd":false,"mn":"ADBE Vector Group","nm":"Path 479","ix":1,"cix":2,"np":2,"it":[{"ty":"sh","bm":0,"hd":false,"mn":"ADBE Vector Shape - Group","nm":"Path 1","ix":1,"d":1,"ks":{"a":0,"k":{"c":true,"i":[[0,0],[0,0],[0.089,-0.224],[0.179,-0.103],[0,0],[0.099,0.12],[0.036,0.253],[0,0],[0,0.053],[-0.093,0.203],[-0.131,0.074],[0,0],[-0.106,-0.049],[-0.034,-0.257],[0,0],[0,0],[-0.091,0.253],[-0.215,0.124],[0,0],[-0.089,-0.15],[-0.023,-0.114],[0,0],[0,0],[-0.108,0.173],[-0.12,0.067],[0,0],[-0.095,-0.093],[0,-0.202],[0.011,-0.097],[0,0],[0.099,-0.232],[0.181,-0.105],[0,0],[0.089,0.122],[0.061,0.24]],"o":[[0,0],[-0.059,0.308],[-0.089,0.226],[0,0],[-0.179,0.103],[-0.103,-0.114],[0,0],[-0.011,-0.086],[0,-0.203],[0.095,-0.2],[0,0],[0.12,-0.067],[0.107,0.048],[0,0],[0,0],[0.023,-0.143],[0.086,-0.251],[0,0],[0.217,-0.124],[0.089,0.15],[0,0],[0,0],[0.034,-0.297],[0.107,-0.171],[0,0],[0.131,-0.074],[0.095,0.089],[0,0.053],[0,0],[-0.036,0.297],[-0.103,0.232],[0,0],[-0.181,0.105],[-0.087,-0.125],[0,0]],"v":[[6.547,13.655],[5.008,22.775],[4.784,23.577],[4.383,24.072],[2.932,24.908],[2.514,24.887],[2.308,24.334],[0.017,8.284],[0,8.074],[0.143,7.466],[0.483,7.051],[1.805,6.285],[2.147,6.257],[2.36,6.711],[3.862,17.517],[5.187,9.402],[5.358,8.806],[5.813,8.242],[7.277,7.394],[7.735,7.435],[7.903,7.831],[9.228,14.42],[10.73,1.879],[10.945,1.176],[11.285,0.814],[12.607,0.05],[12.947,0.077],[13.09,0.516],[13.073,0.744],[10.783,19.44],[10.58,20.232],[10.158,20.738],[8.709,21.573],[8.306,21.546],[8.081,21.001]]}}},{"ty":"fl","bm":0,"hd":false,"mn":"ADBE Vector Graphic - Fill","nm":"Fill 1","c":{"a":0,"k":[0.9804,0.9804,0.9804]},"r":1,"o":{"a":0,"k":100}},{"ty":"tr","a":{"a":0,"k":[0,0]},"s":{"a":0,"k":[100,100]},"sk":{"a":0,"k":0},"p":{"a":0,"k":[0,0]},"r":{"a":0,"k":0},"sa":{"a":0,"k":0},"o":{"a":0,"k":100}}]}],"ind":42},{"ty":4,"nm":"Path 478","sr":1,"st":0,"op":180,"ip":0,"hd":false,"ddd":0,"bm":0,"hasMask":false,"ao":0,"ks":{"a":{"a":0,"k":[5.16,10.641,0]},"s":{"a":0,"k":[100,100,100]},"sk":{"a":0,"k":0},"p":{"a":0,"k":[649.886,317.683,0]},"r":{"a":0,"k":0},"sa":{"a":0,"k":0},"o":{"a":0,"k":100}},"shapes":[{"ty":"gr","bm":0,"hd":false,"mn":"ADBE Vector Group","nm":"Path 478","ix":1,"cix":2,"np":2,"it":[{"ty":"sh","bm":0,"hd":false,"mn":"ADBE Vector Shape - Group","nm":"Path 1","ix":1,"d":1,"ks":{"a":0,"k":{"c":true,"i":[[-0.667,0.386],[-0.607,0.021],[-0.407,-0.262],[-0.209,-0.475],[-0.025,-0.517],[0.103,-0.194],[0.129,-0.074],[0,0],[0.103,0.059],[0.084,0.152],[0.365,0.129],[0.715,-0.415],[0.28,-0.261],[0.207,-0.314],[0.12,-0.344],[0,-0.35],[-0.112,-0.2],[-0.27,-0.038],[-0.441,0.089],[-0.656,0.16],[-0.519,-0.021],[-0.325,-0.261],[-0.16,-0.494],[0,-0.753],[0.238,-0.846],[0.439,-0.759],[0.647,-0.667],[0.797,-0.462],[0.607,-0.101],[0.47,0.198],[0.287,0.498],[0.036,0.787],[-0.103,0.196],[-0.131,0.076],[0,0],[-0.108,-0.051],[-0.072,-0.179],[-0.118,-0.171],[-0.203,-0.067],[-0.302,0.053],[-0.454,0.262],[-0.333,0.28],[-0.251,0.338],[-0.156,0.376],[0,0.424],[0.165,0.162],[0.34,-0.013],[0.502,-0.124],[0.656,-0.124],[0.447,0.044],[0.289,0.272],[0.143,0.517],[0,0.827],[-0.238,0.833],[-0.418,0.736],[-0.58,0.618]],"o":[[0.799,-0.46],[0.608,-0.019],[0.403,0.262],[0.209,0.477],[0.01,0.215],[-0.101,0.196],[0,0],[-0.203,0.116],[-0.099,-0.061],[-0.181,-0.356],[-0.363,-0.127],[-0.312,0.179],[-0.283,0.264],[-0.209,0.314],[-0.118,0.344],[0,0.424],[0.114,0.203],[0.27,0.036],[0.441,-0.089],[0.717,-0.175],[0.519,0.023],[0.329,0.262],[0.162,0.496],[0,0.823],[-0.238,0.844],[-0.441,0.761],[-0.643,0.666],[-0.669,0.386],[-0.608,0.105],[-0.472,-0.194],[-0.285,-0.494],[-0.011,-0.215],[0.097,-0.196],[0,0],[0.201,-0.118],[0.108,0.046],[0.084,0.19],[0.12,0.167],[0.203,0.067],[0.304,-0.057],[0.357,-0.205],[0.333,-0.272],[0.249,-0.339],[0.154,-0.373],[0,-0.403],[-0.167,-0.16],[-0.337,0.013],[-0.498,0.126],[-0.593,0.122],[-0.445,-0.046],[-0.293,-0.272],[-0.143,-0.512],[0,-0.823],[0.238,-0.837],[0.416,-0.738],[0.58,-0.618]],"v":[[5.063,0.725],[7.172,0.002],[8.695,0.363],[9.614,1.47],[9.964,2.961],[9.829,3.575],[9.481,3.982],[8.228,4.706],[7.771,4.792],[7.495,4.47],[6.682,3.74],[5.063,4.166],[4.179,4.828],[3.445,5.693],[2.953,6.678],[2.774,7.718],[2.943,8.652],[3.516,9.011],[4.58,8.933],[6.225,8.561],[8.075,8.332],[9.344,8.755],[10.078,9.888],[10.319,11.759],[9.964,14.265],[8.944,16.668],[7.315,18.808],[5.153,20.496],[3.24,21.228],[1.622,21.089],[0.485,20.051],[0.002,18.129],[0.139,17.515],[0.485,17.106],[1.738,16.385],[2.202,16.283],[2.47,16.621],[2.774,17.163],[3.257,17.515],[4.018,17.532],[5.153,17.055],[6.189,16.33],[7.066,15.414],[7.676,14.345],[7.906,13.151],[7.657,12.305],[6.895,12.084],[5.634,12.287],[3.9,12.658],[2.335,12.776],[1.228,12.301],[0.574,11.12],[0.361,9.11],[0.717,6.621],[1.702,4.263],[3.194,2.231]]}}},{"ty":"fl","bm":0,"hd":false,"mn":"ADBE Vector Graphic - Fill","nm":"Fill 1","c":{"a":0,"k":[0.9804,0.9804,0.9804]},"r":1,"o":{"a":0,"k":100}},{"ty":"tr","a":{"a":0,"k":[0,0]},"s":{"a":0,"k":[100,100]},"sk":{"a":0,"k":0},"p":{"a":0,"k":[0,0]},"r":{"a":0,"k":0},"sa":{"a":0,"k":0},"o":{"a":0,"k":100}}]}],"ind":43},{"ty":4,"nm":"Path 477","sr":1,"st":0,"op":180,"ip":0,"hd":false,"ddd":0,"bm":0,"hasMask":false,"ao":0,"ks":{"a":{"a":0,"k":[5.16,10.641,0]},"s":{"a":0,"k":[100,100,100]},"sk":{"a":0,"k":0},"p":{"a":0,"k":[637.406,324.889,0]},"r":{"a":0,"k":0},"sa":{"a":0,"k":0},"o":{"a":0,"k":100}},"shapes":[{"ty":"gr","bm":0,"hd":false,"mn":"ADBE Vector Group","nm":"Path 477","ix":1,"cix":2,"np":2,"it":[{"ty":"sh","bm":0,"hd":false,"mn":"ADBE Vector Shape - Group","nm":"Path 1","ix":1,"d":1,"ks":{"a":0,"k":{"c":true,"i":[[-0.666,0.386],[-0.607,0.019],[-0.407,-0.262],[-0.211,-0.475],[-0.023,-0.517],[0.101,-0.196],[0.131,-0.076],[0,0],[0.103,0.059],[0.084,0.152],[0.363,0.129],[0.715,-0.415],[0.28,-0.26],[0.205,-0.314],[0.118,-0.342],[0,-0.348],[-0.114,-0.2],[-0.27,-0.038],[-0.439,0.089],[-0.654,0.16],[-0.519,-0.023],[-0.329,-0.26],[-0.162,-0.494],[0,-0.751],[0.238,-0.844],[0.439,-0.759],[0.646,-0.665],[0.799,-0.462],[0.607,-0.101],[0.472,0.198],[0.287,0.496],[0.036,0.787],[-0.099,0.198],[-0.131,0.076],[0,0],[-0.107,-0.049],[-0.072,-0.177],[-0.122,-0.169],[-0.203,-0.067],[-0.304,0.053],[-0.453,0.264],[-0.335,0.278],[-0.251,0.338],[-0.156,0.376],[0,0.424],[0.165,0.162],[0.34,-0.013],[0.502,-0.124],[0.654,-0.122],[0.449,0.046],[0.291,0.272],[0.143,0.515],[0,0.829],[-0.238,0.831],[-0.418,0.734],[-0.58,0.618]],"o":[[0.799,-0.46],[0.61,-0.021],[0.405,0.262],[0.207,0.475],[0.011,0.213],[-0.103,0.196],[0,0],[-0.202,0.118],[-0.101,-0.059],[-0.177,-0.356],[-0.367,-0.127],[-0.31,0.179],[-0.281,0.262],[-0.211,0.312],[-0.12,0.346],[0,0.424],[0.112,0.202],[0.266,0.038],[0.441,-0.089],[0.715,-0.173],[0.519,0.023],[0.329,0.262],[0.162,0.494],[0,0.827],[-0.238,0.844],[-0.441,0.759],[-0.643,0.666],[-0.669,0.386],[-0.608,0.103],[-0.472,-0.196],[-0.285,-0.494],[-0.013,-0.215],[0.101,-0.194],[0,0],[0.203,-0.12],[0.108,0.048],[0.084,0.192],[0.118,0.169],[0.202,0.067],[0.304,-0.057],[0.357,-0.203],[0.333,-0.272],[0.249,-0.337],[0.154,-0.375],[0,-0.399],[-0.167,-0.162],[-0.34,0.011],[-0.5,0.124],[-0.597,0.124],[-0.447,-0.044],[-0.293,-0.27],[-0.143,-0.515],[0,-0.823],[0.238,-0.837],[0.414,-0.738],[0.576,-0.62]],"v":[[5.062,0.723],[7.171,0.002],[8.692,0.364],[9.614,1.47],[9.962,2.961],[9.829,3.575],[9.479,3.982],[8.226,4.705],[7.772,4.79],[7.492,4.471],[6.682,3.741],[5.062,4.167],[4.178,4.828],[3.446,5.693],[2.953,6.677],[2.775,7.717],[2.944,8.652],[3.516,9.01],[4.579,8.932],[6.224,8.559],[8.076,8.333],[9.344,8.755],[10.078,9.888],[10.32,11.757],[9.962,14.263],[8.943,16.669],[7.315,18.806],[5.151,20.497],[3.238,21.229],[1.62,21.09],[0.483,20.052],[0.002,18.129],[0.135,17.513],[0.483,17.106],[1.736,16.386],[2.2,16.281],[2.47,16.619],[2.775,17.161],[3.256,17.515],[4.016,17.532],[5.151,17.053],[6.19,16.33],[7.066,15.412],[7.673,14.345],[7.905,13.149],[7.656,12.305],[6.895,12.084],[5.634,12.288],[3.9,12.657],[2.333,12.775],[1.227,12.299],[0.575,11.12],[0.36,9.109],[0.717,6.621],[1.702,4.264],[3.195,2.231]]}}},{"ty":"fl","bm":0,"hd":false,"mn":"ADBE Vector Graphic - Fill","nm":"Fill 1","c":{"a":0,"k":[0.9804,0.9804,0.9804]},"r":1,"o":{"a":0,"k":100}},{"ty":"tr","a":{"a":0,"k":[0,0]},"s":{"a":0,"k":[100,100]},"sk":{"a":0,"k":0},"p":{"a":0,"k":[0,0]},"r":{"a":0,"k":0},"sa":{"a":0,"k":0},"o":{"a":0,"k":100}}]}],"ind":44},{"ty":4,"nm":"Path 476","sr":1,"st":0,"op":180,"ip":0,"hd":false,"ddd":0,"bm":0,"hasMask":false,"ao":0,"ks":{"a":{"a":0,"k":[6.062,11.599,0]},"s":{"a":0,"k":[100,100,100]},"sk":{"a":0,"k":0},"p":{"a":0,"k":[624.593,333.533,0]},"r":{"a":0,"k":0},"sa":{"a":0,"k":0},"o":{"a":0,"k":100}},"shapes":[{"ty":"gr","bm":0,"hd":false,"mn":"ADBE Vector Group","nm":"Path 476","ix":1,"cix":2,"np":3,"it":[{"ty":"sh","bm":0,"hd":false,"mn":"ADBE Vector Shape - Group","nm":"Path 1","ix":1,"d":1,"ks":{"a":0,"k":{"c":true,"i":[[0,0],[-0.095,-0.101],[-0.072,-0.27],[0,0],[0,-0.074],[0.095,-0.203],[0.131,-0.072],[0,0],[0.095,0.099],[0.038,0.127],[0,0],[0,0],[0,0],[0.095,-0.211],[0.24,-0.141],[0,0],[0.095,0.093],[0,0.2],[-0.013,0.063],[0,0],[-0.095,0.211],[-0.192,0.11]],"o":[[0.19,-0.108],[0.097,0.101],[0,0],[0.011,0.048],[0,0.203],[-0.095,0.202],[0,0],[-0.238,0.137],[-0.097,-0.101],[0,0],[0,0],[0,0],[-0.036,0.167],[-0.095,0.211],[0,0],[-0.131,0.074],[-0.095,-0.089],[0,-0.074],[0,0],[0.072,-0.354],[0.095,-0.211],[0,0]],"v":[[7.045,0.085],[7.475,0.072],[7.726,0.629],[12.107,15.502],[12.124,15.683],[11.981,16.29],[11.641,16.704],[10.354,17.448],[9.853,17.505],[9.656,17.162],[8.887,14.552],[3.236,17.815],[2.468,21.313],[2.27,21.882],[1.77,22.407],[0.483,23.148],[0.143,23.122],[0,22.684],[0.019,22.481],[4.4,2.55],[4.649,1.703],[5.079,1.222]]}}},{"ty":"sh","bm":0,"hd":false,"mn":"ADBE Vector Shape - Group","nm":"Path 2","ix":2,"d":1,"ks":{"a":0,"k":{"c":true,"i":[[0,0],[0,0],[0,0]],"o":[[0,0],[0,0],[0,0]],"v":[[8.028,11.606],[6.062,4.896],[4.094,13.875]]}}},{"ty":"fl","bm":0,"hd":false,"mn":"ADBE Vector Graphic - Fill","nm":"Fill 1","c":{"a":0,"k":[0.9804,0.9804,0.9804]},"r":1,"o":{"a":0,"k":100}},{"ty":"tr","a":{"a":0,"k":[0,0]},"s":{"a":0,"k":[100,100]},"sk":{"a":0,"k":0},"p":{"a":0,"k":[0,0]},"r":{"a":0,"k":0},"sa":{"a":0,"k":0},"o":{"a":0,"k":100}}]}],"ind":45},{"ty":4,"nm":"Path 475","sr":1,"st":0,"op":180,"ip":0,"hd":false,"ddd":0,"bm":0,"hasMask":false,"ao":0,"ks":{"a":{"a":0,"k":[4.918,11.413,0]},"s":{"a":0,"k":[100,100,100]},"sk":{"a":0,"k":0},"p":{"a":0,"k":[612.683,339.937,0]},"r":{"a":0,"k":0},"sa":{"a":0,"k":0},"o":{"a":0,"k":100}},"shapes":[{"ty":"gr","bm":0,"hd":false,"mn":"ADBE Vector Group","nm":"Path 475","ix":1,"cix":2,"np":3,"it":[{"ty":"sh","bm":0,"hd":false,"mn":"ADBE Vector Shape - Group","nm":"Path 1","ix":1,"d":1,"ks":{"a":0,"k":{"c":true,"i":[[0,0],[-0.799,-0.588],[0,-2.017],[0.799,-1.525],[1.441,-0.835],[0,0],[0,0],[0.095,-0.203],[0.131,-0.074],[0,0],[0.097,0.093],[0,0.202],[0,0],[-0.095,0.202],[-0.133,0.074]],"o":[[1.441,-0.835],[0.799,0.584],[0,2.021],[-0.799,1.527],[0,0],[0,0],[0,0.203],[-0.095,0.203],[0,0],[-0.133,0.078],[-0.095,-0.093],[0,0],[0,-0.202],[0.097,-0.202],[0,0]],"v":[[5.277,0.735],[8.638,0.364],[9.836,4.268],[8.638,9.584],[5.277,13.125],[2.415,14.775],[2.415,20.915],[2.272,21.522],[1.932,21.936],[0.485,22.773],[0.143,22.75],[0,22.311],[0,4.525],[0.143,3.918],[0.485,3.502]]}}},{"ty":"sh","bm":0,"hd":false,"mn":"ADBE Vector Shape - Group","nm":"Path 2","ix":2,"d":1,"ks":{"a":0,"k":{"c":true,"i":[[0,0],[0,0],[-0.407,0.65],[0,1.029],[0.405,0.16],[0.681,-0.394],[0,0]],"o":[[0,0],[0.681,-0.392],[0.405,-0.646],[0,-1.029],[-0.407,-0.16],[0,0],[0,0]],"v":[[2.415,11.334],[5.185,9.733],[6.815,8.173],[7.422,5.664],[6.815,3.88],[5.185,4.23],[2.415,5.829]]}}},{"ty":"fl","bm":0,"hd":false,"mn":"ADBE Vector Graphic - Fill","nm":"Fill 1","c":{"a":0,"k":[0.9804,0.9804,0.9804]},"r":1,"o":{"a":0,"k":100}},{"ty":"tr","a":{"a":0,"k":[0,0]},"s":{"a":0,"k":[100,100]},"sk":{"a":0,"k":0},"p":{"a":0,"k":[0,0]},"r":{"a":0,"k":0},"sa":{"a":0,"k":0},"o":{"a":0,"k":100}}]}],"ind":46},{"ty":4,"nm":"Path 474","sr":1,"st":0,"op":180,"ip":0,"hd":false,"ddd":0,"bm":0,"hasMask":false,"ao":0,"ks":{"a":{"a":0,"k":[57.93,40.182,0]},"s":{"a":0,"k":[100,100,100]},"sk":{"a":0,"k":0},"p":{"a":0,"k":[653.637,351.861,0]},"r":{"a":0,"k":0},"sa":{"a":0,"k":0},"o":{"a":0,"k":100}},"shapes":[{"ty":"gr","bm":0,"hd":false,"mn":"ADBE Vector Group","nm":"Path 474","ix":1,"cix":2,"np":2,"it":[{"ty":"sh","bm":0,"hd":false,"mn":"ADBE Vector Shape - Group","nm":"Path 1","ix":1,"d":1,"ks":{"a":0,"k":{"c":true,"i":[[-2.729,1.574],[0,0],[0,-3.151],[0,0],[2.729,-1.576],[0,0],[0,3.151],[0,0]],"o":[[0,0],[2.729,-1.574],[0,0],[0,3.151],[0,0],[-2.727,1.574],[0,0],[0,-3.151]],"v":[[4.942,61.86],[110.919,0.674],[115.859,3.527],[115.859,9.946],[110.919,18.503],[4.94,79.689],[0,76.836],[0,70.417]]}}},{"ty":"fl","bm":0,"hd":false,"mn":"ADBE Vector Graphic - Fill","nm":"Fill 1","c":{"a":0,"k":[0.9804,0.9804,0.9804]},"r":1,"o":{"a":0,"k":100}},{"ty":"tr","a":{"a":0,"k":[0,0]},"s":{"a":0,"k":[100,100]},"sk":{"a":0,"k":0},"p":{"a":0,"k":[0,0]},"r":{"a":0,"k":0},"sa":{"a":0,"k":0},"o":{"a":0,"k":100}}]}],"ind":47},{"ty":4,"nm":"Path 473","sr":1,"st":0,"op":180,"ip":0,"hd":false,"ddd":0,"bm":0,"hasMask":false,"ao":0,"ks":{"a":{"a":0,"k":[30.895,29.401,0]},"s":{"a":1,"k":[{"o":{"x":0.167,"y":0.167},"i":{"x":0.833,"y":0.833},"s":[100,100,100],"t":150},{"o":{"x":0.167,"y":0.167},"i":{"x":0.833,"y":0.833},"s":[86,86,100],"t":165},{"s":[100,100,100],"t":179}]},"sk":{"a":0,"k":0},"p":{"a":0,"k":[653.638,409.989,0]},"r":{"a":0,"k":0},"sa":{"a":0,"k":0},"o":{"a":0,"k":100}},"shapes":[{"ty":"gr","bm":0,"hd":false,"mn":"ADBE Vector Group","nm":"Path 473","ix":1,"cix":2,"np":2,"it":[{"ty":"sh","bm":0,"hd":false,"mn":"ADBE Vector Shape - Group","nm":"Path 1","ix":1,"d":1,"ks":{"a":0,"k":{"c":true,"i":[[-2.274,1.312],[0,0],[0,-2.626],[0,0],[2.272,-1.312],[0,0],[0,2.626],[0,0]],"o":[[0,0],[2.272,-1.312],[0,0],[0,2.626],[0,0],[-2.274,1.312],[0,0],[0,-2.626]],"v":[[4.117,31.484],[57.674,0.562],[61.791,2.939],[61.791,20.187],[57.674,27.318],[4.117,58.24],[0,55.863],[0,38.615]]}}},{"ty":"fl","bm":0,"hd":false,"mn":"ADBE Vector Graphic - Fill","nm":"Fill 1","c":{"a":0,"k":[0.2588,0.6471,0.9608]},"r":1,"o":{"a":0,"k":100}},{"ty":"tr","a":{"a":0,"k":[0,0]},"s":{"a":0,"k":[100,100]},"sk":{"a":0,"k":0},"p":{"a":0,"k":[0,0]},"r":{"a":0,"k":0},"sa":{"a":0,"k":0},"o":{"a":0,"k":100}}]}],"ind":48},{"ty":4,"nm":"Path 472","sr":1,"st":0,"op":180,"ip":0,"hd":false,"ddd":0,"bm":0,"hasMask":false,"ao":0,"ks":{"a":{"a":0,"k":[26.42,25.816,0]},"s":{"a":0,"k":[100,100,100]},"sk":{"a":0,"k":0},"p":{"a":0,"k":[653.947,258.567,0]},"r":{"a":0,"k":0},"sa":{"a":0,"k":0},"o":{"a":0,"k":100}},"shapes":[{"ty":"gr","bm":0,"hd":false,"mn":"ADBE Vector Group","nm":"Path 472","ix":1,"cix":2,"np":2,"it":[{"ty":"sh","bm":0,"hd":false,"mn":"ADBE Vector Shape - Group","nm":"Path 1","ix":1,"d":1,"ks":{"a":0,"k":{"c":true,"i":[[0,0],[12.441,-7.186],[0,0],[0,-14.368],[0,0],[-2.576,-0.006],[-6.781,3.917],[-7.285,11.082]],"o":[[0,-14.37],[0,0],[-12.441,7.184],[0,0],[2.246,0.747],[5.676,0.011],[10.143,-5.855],[0,0]],"v":[[52.84,16.086],[30.31,3.078],[22.531,7.567],[0,46.592],[0,50.511],[7.262,51.632],[26.109,45.858],[52.84,19.418]]}}},{"ty":"fl","bm":0,"hd":false,"mn":"ADBE Vector Graphic - Fill","nm":"Fill 1","c":{"a":0,"k":[1,1,1]},"r":1,"o":{"a":0,"k":100}},{"ty":"tr","a":{"a":0,"k":[0,0]},"s":{"a":0,"k":[100,100]},"sk":{"a":0,"k":0},"p":{"a":0,"k":[0,0]},"r":{"a":0,"k":0},"sa":{"a":0,"k":0},"o":{"a":0,"k":100}}]}],"ind":49},{"ty":4,"nm":"Path 471","sr":1,"st":0,"op":180,"ip":0,"hd":false,"ddd":0,"bm":0,"hasMask":false,"ao":0,"ks":{"a":{"a":0,"k":[13.714,17.708,0]},"s":{"a":0,"k":[100,100,100]},"sk":{"a":0,"k":0},"p":{"a":0,"k":[653.341,218.038,0]},"r":{"a":0,"k":0},"sa":{"a":0,"k":0},"o":{"a":0,"k":100}},"shapes":[{"ty":"gr","bm":0,"hd":false,"mn":"ADBE Vector Group","nm":"Path 471","ix":1,"cix":2,"np":2,"it":[{"ty":"sh","bm":0,"hd":false,"mn":"ADBE Vector Shape - Group","nm":"Path 1","ix":1,"d":1,"ks":{"a":0,"k":{"c":true,"i":[[-7.574,4.372],[0,-8.745],[7.574,-4.373],[0,8.747]],"o":[[7.574,-4.373],[0,8.747],[-7.574,4.372],[0,-8.745]],"v":[[13.714,1.873],[27.429,9.789],[13.714,33.545],[0,25.625]]}}},{"ty":"fl","bm":0,"hd":false,"mn":"ADBE Vector Graphic - Fill","nm":"Fill 1","c":{"a":0,"k":[1,1,1]},"r":1,"o":{"a":0,"k":100}},{"ty":"tr","a":{"a":0,"k":[0,0]},"s":{"a":0,"k":[100,100]},"sk":{"a":0,"k":0},"p":{"a":0,"k":[0,0]},"r":{"a":0,"k":0},"sa":{"a":0,"k":0},"o":{"a":0,"k":100}}]}],"ind":50},{"ty":4,"nm":"Path 470","sr":1,"st":0,"op":180,"ip":0,"hd":false,"ddd":0,"bm":0,"hasMask":false,"ao":0,"ks":{"a":{"a":0,"k":[42.271,54.584,0]},"s":{"a":0,"k":[100,100,100]},"sk":{"a":0,"k":0},"p":{"a":0,"k":[653.637,229.798,0]},"r":{"a":0,"k":0},"sa":{"a":0,"k":0},"o":{"a":0,"k":100}},"shapes":[{"ty":"gr","bm":0,"hd":false,"mn":"ADBE Vector Group","nm":"Path 470","ix":1,"cix":2,"np":2,"it":[{"ty":"sh","bm":0,"hd":false,"mn":"ADBE Vector Shape - Group","nm":"Path 1","ix":1,"d":1,"ks":{"a":0,"k":{"c":true,"i":[[-23.345,13.478],[0,-26.957],[23.346,-13.48],[0,26.957]],"o":[[23.346,-13.48],[0,26.957],[-23.345,13.48],[0,-26.957]],"v":[[42.27,5.774],[84.542,30.178],[42.27,103.394],[0,78.989]]}}},{"ty":"fl","bm":0,"hd":false,"mn":"ADBE Vector Graphic - Fill","nm":"Fill 1","c":{"a":0,"k":[0.2588,0.6471,0.9608]},"r":1,"o":{"a":0,"k":100}},{"ty":"tr","a":{"a":0,"k":[0,0]},"s":{"a":0,"k":[100,100]},"sk":{"a":0,"k":0},"p":{"a":0,"k":[0,0]},"r":{"a":0,"k":0},"sa":{"a":0,"k":0},"o":{"a":0,"k":100}}]}],"ind":51},{"ty":4,"nm":"Path 469","sr":1,"st":0,"op":180,"ip":0,"hd":false,"ddd":0,"bm":0,"hasMask":false,"ao":0,"ks":{"a":{"a":0,"k":[24.194,28.61,0]},"s":{"a":0,"k":[100,100,100]},"sk":{"a":0,"k":0},"p":{"a":0,"k":[525.17,301.029,0]},"r":{"a":0,"k":0},"sa":{"a":0,"k":0},"o":{"a":0,"k":100}},"shapes":[{"ty":"gr","bm":0,"hd":false,"mn":"ADBE Vector Group","nm":"Path 469","ix":1,"cix":2,"np":2,"it":[{"ty":"sh","bm":0,"hd":false,"mn":"ADBE Vector Shape - Group","nm":"Path 1","ix":1,"d":1,"ks":{"a":0,"k":{"c":true,"i":[[0,0],[0,0],[-3.468,0.285],[0,0]],"o":[[0,0],[-2.373,2.546],[0,0],[0,0]],"v":[[48.389,0],[1.033,50.813],[4.132,57.206],[48.387,53.561]]}}},{"ty":"fl","bm":0,"hd":false,"mn":"ADBE Vector Graphic - Fill","nm":"Fill 1","c":{"a":0,"k":[0.2157,0.2784,0.3098]},"r":1,"o":{"a":0,"k":100}},{"ty":"tr","a":{"a":0,"k":[0,0]},"s":{"a":0,"k":[100,100]},"sk":{"a":0,"k":0},"p":{"a":0,"k":[0,0]},"r":{"a":0,"k":0},"sa":{"a":0,"k":0},"o":{"a":0,"k":100}}]}],"ind":52},{"ty":4,"nm":"Path 468","sr":1,"st":0,"op":180,"ip":0,"hd":false,"ddd":0,"bm":0,"hasMask":false,"ao":0,"ks":{"a":{"a":0,"k":[31.915,32.706,0]},"s":{"a":0,"k":[100,100,100]},"sk":{"a":0,"k":0},"p":{"a":0,"k":[517.446,296.256,0]},"r":{"a":0,"k":0},"sa":{"a":0,"k":0},"o":{"a":0,"k":100}},"shapes":[{"ty":"gr","bm":0,"hd":false,"mn":"ADBE Vector Group","nm":"Path 468","ix":1,"cix":2,"np":2,"it":[{"ty":"sh","bm":0,"hd":false,"mn":"ADBE Vector Shape - Group","nm":"Path 1","ix":1,"d":1,"ks":{"a":0,"k":{"c":true,"i":[[-1.73,-1.255],[0.628,0.361],[-1.768,1.901],[0,0],[0,0],[0,0]],"o":[[-2.586,-1.54],[-1.901,-1.16],[0,0],[0,0],[0,0],[-1.711,1.825]],"v":[[17.053,65.411],[1.841,56.683],[1.024,50.808],[48.39,0],[63.83,8.861],[16.483,59.688]]}}},{"ty":"fl","bm":0,"hd":false,"mn":"ADBE Vector Graphic - Fill","nm":"Fill 1","c":{"a":0,"k":[0.2706,0.3529,0.3922]},"r":1,"o":{"a":0,"k":100}},{"ty":"tr","a":{"a":0,"k":[0,0]},"s":{"a":0,"k":[100,100]},"sk":{"a":0,"k":0},"p":{"a":0,"k":[0,0]},"r":{"a":0,"k":0},"sa":{"a":0,"k":0},"o":{"a":0,"k":100}}]}],"ind":53},{"ty":4,"nm":"Path 467","sr":1,"st":0,"op":180,"ip":0,"hd":false,"ddd":0,"bm":0,"hasMask":false,"ao":0,"ks":{"a":{"a":0,"k":[104.275,212.903,0]},"s":{"a":0,"k":[100,100,100]},"sk":{"a":0,"k":0},"p":{"a":0,"k":[653.637,304.343,0]},"r":{"a":0,"k":0},"sa":{"a":0,"k":0},"o":{"a":0,"k":100}},"shapes":[{"ty":"gr","bm":0,"hd":false,"mn":"ADBE Vector Group","nm":"Path 467","ix":1,"cix":2,"np":2,"it":[{"ty":"sh","bm":0,"hd":false,"mn":"ADBE Vector Shape - Group","nm":"Path 1","ix":1,"d":1,"ks":{"a":0,"k":{"c":true,"i":[[0,-2.626],[0,0],[-2.272,1.312],[0,0],[0,2.626],[0,0],[2.274,-1.314],[0,0]],"o":[[0,0],[0,2.624],[0,0],[2.274,-1.312],[0,0],[0,-2.624],[0,0],[-2.272,1.312]],"v":[[0,123.353],[0,422.867],[4.117,425.244],[204.432,309.584],[208.549,302.454],[208.549,2.938],[204.432,0.563],[4.117,116.223]]}}},{"ty":"fl","bm":0,"hd":false,"mn":"ADBE Vector Graphic - Fill","nm":"Fill 1","c":{"a":0,"k":[0.2157,0.2784,0.3098]},"r":1,"o":{"a":0,"k":100}},{"ty":"tr","a":{"a":0,"k":[0,0]},"s":{"a":0,"k":[100,100]},"sk":{"a":0,"k":0},"p":{"a":0,"k":[0,0]},"r":{"a":0,"k":0},"sa":{"a":0,"k":0},"o":{"a":0,"k":100}}]}],"ind":54},{"ty":4,"nm":"Path 466","sr":1,"st":0,"op":180,"ip":0,"hd":false,"ddd":0,"bm":0,"hasMask":false,"ao":0,"ks":{"a":{"a":0,"k":[9.431,157.928,0]},"s":{"a":0,"k":[100,100,100]},"sk":{"a":0,"k":0},"p":{"a":0,"k":[543.352,359.737,0]},"r":{"a":0,"k":0},"sa":{"a":0,"k":0},"o":{"a":0,"k":100}},"shapes":[{"ty":"gr","bm":0,"hd":false,"mn":"ADBE Vector Group","nm":"Path 466","ix":1,"cix":2,"np":2,"it":[{"ty":"sh","bm":0,"hd":false,"mn":"ADBE Vector Shape - Group","nm":"Path 1","ix":1,"d":1,"ks":{"a":0,"k":{"c":true,"i":[[-1.94,0.742],[2.054,1.179],[0,0],[0,2.624],[0,0],[-0.742,1.293],[0,0],[0,-1.312],[0,0]],"o":[[-2.282,0.97],[0,0],[-2.263,-1.312],[0,0],[0,-1.312],[0,0],[-0.761,1.293],[0,0],[0,2.358]],"v":[[18.863,315.203],[11.333,314.88],[4.107,310.697],[0,303.566],[0,4.05],[1.198,0],[16.657,8.918],[15.44,12.987],[15.44,312.503]]}}},{"ty":"fl","bm":0,"hd":false,"mn":"ADBE Vector Graphic - Fill","nm":"Fill 1","c":{"a":0,"k":[0.149,0.1961,0.2196]},"r":1,"o":{"a":0,"k":100}},{"ty":"tr","a":{"a":0,"k":[0,0]},"s":{"a":0,"k":[100,100]},"sk":{"a":0,"k":0},"p":{"a":0,"k":[0,0]},"r":{"a":0,"k":0},"sa":{"a":0,"k":0},"o":{"a":0,"k":100}}]}],"ind":55},{"ty":4,"nm":"Path 465","sr":1,"st":0,"op":180,"ip":0,"hd":false,"ddd":0,"bm":0,"hasMask":false,"ao":0,"ks":{"a":{"a":0,"k":[110.88099999999997,63.90299999999999]},"s":{"a":0,"k":[100,100,100]},"sk":{"a":0,"k":0},"p":{"a":0,"k":[646,146]},"r":{"a":0,"k":0},"sa":{"a":0,"k":0},"o":{"a":0,"k":100}},"shapes":[{"ty":"gr","bm":0,"hd":false,"mn":"ADBE Vector Group","nm":"Path 465","ix":1,"cix":2,"np":2,"it":[{"ty":"sh","bm":0,"hd":false,"mn":"ADBE Vector Shape - Group","nm":"Path 1","ix":1,"d":1,"ks":{"a":0,"k":{"c":true,"i":[[-0.266,-2.472],[2.073,-1.198],[0,0],[0.761,-1.293],[0,0],[-1.141,0.666],[0,0],[-2.282,-1.312],[0,0]],"o":[[-0.285,-2.13],[0,0],[-1.141,0.666],[0,0],[0.742,-1.293],[0,0],[2.263,-1.312],[0,0],[2.092,1.198]],"v":[[222.759,11.613],[218.671,9.902],[18.368,125.569],[15.459,128.631],[0,119.713],[2.909,116.632],[203.231,0.984],[211.464,0.984],[218.671,5.148]]}}},{"ty":"fl","bm":0,"hd":false,"mn":"ADBE Vector Graphic - Fill","nm":"Fill 1","c":{"a":0,"k":[0.2706,0.3529,0.3922]},"r":1,"o":{"a":0,"k":100}},{"ty":"tr","a":{"a":0,"k":[0,0]},"s":{"a":0,"k":[100,100]},"sk":{"a":0,"k":0},"p":{"a":0,"k":[0,0]},"r":{"a":0,"k":0},"sa":{"a":0,"k":0},"o":{"a":0,"k":100}}]}],"ind":56},{"ty":4,"nm":"Path 464","sr":1,"st":0,"op":180,"ip":0,"hd":false,"ddd":0,"bm":0,"hasMask":false,"ao":0,"ks":{"a":{"a":0,"k":[111.997,217.784,0]},"s":{"a":0,"k":[100,100,100]},"sk":{"a":0,"k":0},"p":{"a":0,"k":[645.915,299.883,0]},"r":{"a":0,"k":0},"sa":{"a":0,"k":0},"o":{"a":0,"k":100}},"shapes":[{"ty":"gr","bm":0,"hd":false,"mn":"ADBE Vector Group","nm":"Path 464","ix":1,"cix":2,"np":2,"it":[{"ty":"sh","bm":0,"hd":false,"mn":"ADBE Vector Shape - Group","nm":"Path 1","ix":1,"d":1,"ks":{"a":0,"k":{"c":true,"i":[[2.272,1.314],[0,0],[0,2.624],[0,0],[-2.274,1.314],[0,0],[-2.272,-1.312],[0,0],[0,-2.624],[0,0],[2.274,-1.312],[0,0]],"o":[[0,0],[-2.272,-1.314],[0,0],[0,-2.624],[0,0],[2.274,-1.314],[0,0],[2.274,1.312],[0,0],[0,2.626],[0,0],[-2.272,1.312]],"v":[[11.331,434.581],[4.117,430.413],[0.002,423.28],[0,123.764],[4.117,116.634],[204.428,0.986],[212.662,0.984],[219.878,5.15],[223.995,12.279],[223.995,311.794],[219.878,318.925],[19.562,434.585]]}}},{"ty":"fl","bm":0,"hd":false,"mn":"ADBE Vector Graphic - Fill","nm":"Fill 1","c":{"a":0,"k":[0.2706,0.3529,0.3922]},"r":1,"o":{"a":0,"k":100}},{"ty":"tr","a":{"a":0,"k":[0,0]},"s":{"a":0,"k":[100,100]},"sk":{"a":0,"k":0},"p":{"a":0,"k":[0,0]},"r":{"a":0,"k":0},"sa":{"a":0,"k":0},"o":{"a":0,"k":100}}]}],"ind":57},{"ty":4,"nm":"Shadow","sr":1,"st":0,"op":180,"ip":0,"hd":false,"ddd":0,"bm":0,"hasMask":false,"ao":0,"ks":{"a":{"a":0,"k":[0,0,0]},"s":{"a":0,"k":[100,100,100]},"sk":{"a":0,"k":0},"p":{"a":0,"k":[355.267,684.656,0]},"r":{"a":0,"k":0},"sa":{"a":0,"k":0},"o":{"a":0,"k":100}},"shapes":[{"ty":"gr","bm":0,"hd":false,"mn":"ADBE Vector Group","nm":"Shadow","ix":1,"cix":2,"np":2,"it":[{"ty":"el","bm":0,"hd":false,"mn":"ADBE Vector Shape - Ellipse","nm":"Ellipse Path 1","d":1,"p":{"a":0,"k":[0,0]},"s":{"a":0,"k":[308.956,178.375]}},{"ty":"fl","bm":0,"hd":false,"mn":"ADBE Vector Graphic - Fill","nm":"Fill 1","c":{"a":0,"k":[0.8784,0.8784,0.8784]},"r":1,"o":{"a":0,"k":100}},{"ty":"tr","a":{"a":0,"k":[0,0]},"s":{"a":0,"k":[100,100]},"sk":{"a":0,"k":0},"p":{"a":0,"k":[0,0]},"r":{"a":0,"k":0},"sa":{"a":0,"k":0},"o":{"a":0,"k":100}}]}],"ind":58},{"ty":4,"nm":"Floor","sr":1,"st":0,"op":180,"ip":0,"hd":false,"ddd":0,"bm":0,"hasMask":false,"ao":0,"ks":{"a":{"a":0,"k":[0.029999999999972715,0.15399999999999636]},"s":{"a":0,"k":[70.5704,59.1376]},"sk":{"a":0,"k":0},"p":{"a":0,"k":[448.0212,684.14]},"r":{"a":0,"k":0},"sa":{"a":0,"k":0},"o":{"a":0,"k":100}},"shapes":[{"ty":"gr","bm":0,"hd":false,"mn":"ADBE Vector Group","nm":"Floor","ix":1,"cix":2,"np":2,"it":[{"ty":"el","bm":0,"hd":false,"mn":"ADBE Vector Shape - Ellipse","nm":"Ellipse Path 1","d":1,"p":{"a":0,"k":[0,0]},"s":{"a":0,"k":[895.941,517.272]}},{"ty":"fl","bm":0,"hd":false,"mn":"ADBE Vector Graphic - Fill","nm":"Fill 1","c":{"a":0,"k":[0.9412,0.9412,0.9412]},"r":1,"o":{"a":0,"k":100}},{"ty":"tr","a":{"a":0,"k":[0.029999999999972715,0.15399999999999636]},"s":{"a":0,"k":[100,100]},"sk":{"a":0,"k":0},"p":{"a":0,"k":[0.029999999999972715,0.15399999999999636]},"r":{"a":0,"k":0},"sa":{"a":0,"k":0},"o":{"a":0,"k":100}}]}],"ind":59}],"v":"5.7.0","fr":60,"op":180,"ip":0,"fonts":{"list":[{"ascent":74.2089135739952,"fClass":"","fFamily":"Montserrat","fStyle":"SemiBold","fName":"Montserrat-SemiBold","fPath":"","fWeight":"","origin":0}]},"chars":[{"ch":"*","fFamily":"Montserrat","size":24,"style":"SemiBold","w":43.6,"data":{"shapes":[{"ty":"gr","bm":0,"hd":false,"mn":"ADBE Vector Group","nm":"*","ix":1,"cix":2,"np":3,"it":[{"ty":"sh","bm":0,"hd":false,"mn":"ADBE Vector Shape - Group","nm":"*","ix":1,"d":1,"ks":{"a":0,"k":{"c":true,"i":[[0,0],[0,0],[0,0],[0,0],[0,0],[0,0],[0,0],[0,0],[0,0],[0,0],[0,0],[0,0],[0,0],[0,0],[0,0],[0,0],[0,0],[0,0]],"o":[[0,0],[0,0],[0,0],[0,0],[0,0],[0,0],[0,0],[0,0],[0,0],[0,0],[0,0],[0,0],[0,0],[0,0],[0,0],[0,0],[0,0],[0,0]],"v":[[40,-61.3],[36.1,-68.2],[24.5,-61.3],[24.6,-74.2],[17,-74.2],[17.1,-61.4],[5.6,-68.2],[1.6,-61.3],[13.1,-55],[1.6,-48.7],[5.6,-41.9],[17.1,-48.6],[17,-35.8],[24.6,-35.8],[24.5,-48.7],[36.1,-41.9],[40,-48.7],[28.6,-55]]},"ix":2}}]}]}}],"assets":[]}